INSERT INTO dailyblessings.curriculum (name) VALUES ('5th Grade');
INSERT INTO dailyblessings.day (date, copticDate, feast) VALUES ('2024-8-31', 'Mesra 25 1740', 'The Departure of St.Bessarion the Great, Pope Macarius III, 114th Patriarch');
INSERT INTO dailyblessings.curriculum_day (curriculumId, date, book, chapter, lowerVerse, upperVerse) VALUES ((SELECT COUNT(*) FROM dailyblessings.curriculum), '2024-8-31', 'Psalm', 1, NULL, NULL);
INSERT INTO dailyblessings.curriculum_questions (isFillInTheBlank, question, curriculumId, date) VALUES (False, 'What was your favorite verse and why?', (SELECT COUNT(*) FROM dailyblessings.curriculum), '2024-8-31');
INSERT INTO dailyblessings.day (date, copticDate, feast) VALUES ('2024-9-1', 'Mesra 26 1740', 'The Martyrdom of St. Moses (Moises), St. Agabius, the Soldier ');
INSERT INTO dailyblessings.curriculum_day (curriculumId, date, book, chapter, lowerVerse, upperVerse) VALUES ((SELECT COUNT(*) FROM dailyblessings.curriculum), '2024-9-1', 'Psalm', 3, NULL, NULL);
INSERT INTO dailyblessings.curriculum_questions (isFillInTheBlank, question, curriculumId, date) VALUES (False, 'What was your favorite verse and why?', (SELECT COUNT(*) FROM dailyblessings.curriculum), '2024-9-1');
INSERT INTO dailyblessings.day (date, copticDate, feast) VALUES ('2024-9-2', 'Mesra 27 1740', 'The Martyrdom of Sts. Benjamin and Sister Eudoxia, St.Mary, the Armenian');
INSERT INTO dailyblessings.curriculum_day (curriculumId, date, book, chapter, lowerVerse, upperVerse) VALUES ((SELECT COUNT(*) FROM dailyblessings.curriculum), '2024-9-2', 'Matthew', 1, NULL, NULL);
INSERT INTO dailyblessings.curriculum_questions (isFillInTheBlank, question, curriculumId, date) VALUES (False, 'How many generations are between Abraham and Christ?', (SELECT COUNT(*) FROM dailyblessings.curriculum), '2024-9-2');
INSERT INTO dailyblessings.curriculum_questions (isFillInTheBlank, question, curriculumId, date) VALUES (False, 'What does the word Emmanuel mean?', (SELECT COUNT(*) FROM dailyblessings.curriculum), '2024-9-2');
INSERT INTO dailyblessings.day (date, copticDate, feast) VALUES ('2024-9-3', 'Mesra 28 1740', 'The Commemoration of the Patriarchs: Abraham, Isaac, and Jacob');
INSERT INTO dailyblessings.curriculum_day (curriculumId, date, book, chapter, lowerVerse, upperVerse) VALUES ((SELECT COUNT(*) FROM dailyblessings.curriculum), '2024-9-3', 'Matthew', 2, NULL, NULL);
INSERT INTO dailyblessings.curriculum_questions (isFillInTheBlank, question, curriculumId, date) VALUES (False, 'How did the wise men know that the child was king?', (SELECT COUNT(*) FROM dailyblessings.curriculum), '2024-9-3');
INSERT INTO dailyblessings.curriculum_questions (isFillInTheBlank, question, curriculumId, date) VALUES (False, 'What prophecy did Jesus make to Egypt?', (SELECT COUNT(*) FROM dailyblessings.curriculum), '2024-9-3');
INSERT INTO dailyblessings.day (date, copticDate, feast) VALUES ('2024-9-4', 'Mesra 29 1740', 'The Martyrdom of Sts. Athanasius, the Bishop and his servants');
INSERT INTO dailyblessings.curriculum_day (curriculumId, date, book, chapter, lowerVerse, upperVerse) VALUES ((SELECT COUNT(*) FROM dailyblessings.curriculum), '2024-9-4', 'Matthew', 3, NULL, NULL);
INSERT INTO dailyblessings.curriculum_questions (isFillInTheBlank, question, curriculumId, date) VALUES (False, 'What is the most important thing that was done by all who came to be baptized by John?', (SELECT COUNT(*) FROM dailyblessings.curriculum), '2024-9-4');
INSERT INTO dailyblessings.curriculum_questions (isFillInTheBlank, question, curriculumId, date) VALUES (True, '''But who comes _ is _ from me which I am not worthy to carry _''', (SELECT COUNT(*) FROM dailyblessings.curriculum), '2024-9-4');
INSERT INTO dailyblessings.curriculum_questions (isFillInTheBlank, question, curriculumId, date) VALUES (False, 'Explain how the Father, the Son, and the Holy Spirit appeared during the baptism of the Lord Jesus by John', (SELECT COUNT(*) FROM dailyblessings.curriculum), '2024-9-4');
INSERT INTO dailyblessings.day (date, copticDate, feast) VALUES ('2024-9-5', 'Mesra 30 1740', 'The Departure of Malachi, the Prophet');
INSERT INTO dailyblessings.curriculum_day (curriculumId, date, book, chapter, lowerVerse, upperVerse) VALUES ((SELECT COUNT(*) FROM dailyblessings.curriculum), '2024-9-5', 'Matthew', 4, NULL, NULL);
INSERT INTO dailyblessings.curriculum_questions (isFillInTheBlank, question, curriculumId, date) VALUES (False, 'What did the Lord Jesus say when Satan asked him to turn the stones into bread?', (SELECT COUNT(*) FROM dailyblessings.curriculum), '2024-9-5');
INSERT INTO dailyblessings.day (date, copticDate, feast) VALUES ('2024-9-6', 'Nasi 1 1740', 'The Departure of St. Eutychus ');
INSERT INTO dailyblessings.curriculum_day (curriculumId, date, book, chapter, lowerVerse, upperVerse) VALUES ((SELECT COUNT(*) FROM dailyblessings.curriculum), '2024-9-6', 'Matthew', 5, 1, 26);
INSERT INTO dailyblessings.curriculum_questions (isFillInTheBlank, question, curriculumId, date) VALUES (False, 'What is the blessing for merciful people?', (SELECT COUNT(*) FROM dailyblessings.curriculum), '2024-9-6');
INSERT INTO dailyblessings.curriculum_questions (isFillInTheBlank, question, curriculumId, date) VALUES (False, 'What must you do before receiving the Holy Communion?', (SELECT COUNT(*) FROM dailyblessings.curriculum), '2024-9-6');
INSERT INTO dailyblessings.day (date, copticDate, feast) VALUES ('2024-9-7', 'Nasi 2 1740', 'The Departure of St. Titus, the Apostle ');
INSERT INTO dailyblessings.curriculum_day (curriculumId, date, book, chapter, lowerVerse, upperVerse) VALUES ((SELECT COUNT(*) FROM dailyblessings.curriculum), '2024-9-7', 'Matthew', 5, 27, 48);
INSERT INTO dailyblessings.curriculum_questions (isFillInTheBlank, question, curriculumId, date) VALUES (False, 'Write your favorite verse from this week and what it means to you.', (SELECT COUNT(*) FROM dailyblessings.curriculum), '2024-9-7');
INSERT INTO dailyblessings.day (date, copticDate, feast) VALUES ('2024-9-8', 'Nasi 3 1740', 'The Commemoration of Archangel Raphael, The Martyrdom of Sts.Andrianus, and his companions');
INSERT INTO dailyblessings.curriculum_day (curriculumId, date, book, chapter, lowerVerse, upperVerse) VALUES ((SELECT COUNT(*) FROM dailyblessings.curriculum), '2024-9-8', 'Matthew', 6, 1, 15);
INSERT INTO dailyblessings.curriculum_questions (isFillInTheBlank, question, curriculumId, date) VALUES (False, 'How should we perform charitable deeds?', (SELECT COUNT(*) FROM dailyblessings.curriculum), '2024-9-8');
INSERT INTO dailyblessings.curriculum_questions (isFillInTheBlank, question, curriculumId, date) VALUES (True, '''But if you _ men their _, your heavenly Father will also _ you. But if you do not forgive men their trespasses, _ will your Father forgive your trespasses.''', (SELECT COUNT(*) FROM dailyblessings.curriculum), '2024-9-8');
INSERT INTO dailyblessings.day (date, copticDate, feast) VALUES ('2024-9-9', 'Nasi 4 1740', 'The Departure of St. Poimen, the Hermit');
INSERT INTO dailyblessings.curriculum_day (curriculumId, date, book, chapter, lowerVerse, upperVerse) VALUES ((SELECT COUNT(*) FROM dailyblessings.curriculum), '2024-9-9', 'Matthew', 6, 16, 34);
INSERT INTO dailyblessings.curriculum_questions (isFillInTheBlank, question, curriculumId, date) VALUES (False, 'What do we have to do when we are fasting?', (SELECT COUNT(*) FROM dailyblessings.curriculum), '2024-9-9');
INSERT INTO dailyblessings.curriculum_questions (isFillInTheBlank, question, curriculumId, date) VALUES (True, '''But seek first the _ and His righteousness, and all these things shall be _ to you.''', (SELECT COUNT(*) FROM dailyblessings.curriculum), '2024-9-9');
INSERT INTO dailyblessings.day (date, copticDate, feast) VALUES ('2024-9-10', 'Nasi 5 1740', 'The Departure of St. Barsoum, the ''Naked''');
INSERT INTO dailyblessings.curriculum_day (curriculumId, date, book, chapter, lowerVerse, upperVerse) VALUES ((SELECT COUNT(*) FROM dailyblessings.curriculum), '2024-9-10', 'Matthew', 7, 1, 12);
INSERT INTO dailyblessings.curriculum_questions (isFillInTheBlank, question, curriculumId, date) VALUES (False, 'Why should we not judge others?', (SELECT COUNT(*) FROM dailyblessings.curriculum), '2024-9-10');
INSERT INTO dailyblessings.curriculum_questions (isFillInTheBlank, question, curriculumId, date) VALUES (True, '''_, and it will be given to you; _, and you will find; _, and it will be opened to you.''', (SELECT COUNT(*) FROM dailyblessings.curriculum), '2024-9-10');
INSERT INTO dailyblessings.day (date, copticDate, feast) VALUES ('2024-9-11', 'Tout 1 1741', 'The Nayrouz Feast (Coptic New Year), The Departure of St. Bartholomew the Apostle ');
INSERT INTO dailyblessings.curriculum_day (curriculumId, date, book, chapter, lowerVerse, upperVerse) VALUES ((SELECT COUNT(*) FROM dailyblessings.curriculum), '2024-9-11', 'Matthew', 7, 13, 29);
INSERT INTO dailyblessings.curriculum_questions (isFillInTheBlank, question, curriculumId, date) VALUES (False, 'Should we follow the narrow or wide path? Why?', (SELECT COUNT(*) FROM dailyblessings.curriculum), '2024-9-11');
INSERT INTO dailyblessings.curriculum_questions (isFillInTheBlank, question, curriculumId, date) VALUES (False, 'Why would Jesus tell us to depart from Him?', (SELECT COUNT(*) FROM dailyblessings.curriculum), '2024-9-11');
INSERT INTO dailyblessings.day (date, copticDate, feast) VALUES ('2024-9-12', 'Tout 2 1741', 'The Martyrdom of St. John the Baptist');
INSERT INTO dailyblessings.curriculum_day (curriculumId, date, book, chapter, lowerVerse, upperVerse) VALUES ((SELECT COUNT(*) FROM dailyblessings.curriculum), '2024-9-12', 'Matthew', 8, 1, 17);
INSERT INTO dailyblessings.curriculum_questions (isFillInTheBlank, question, curriculumId, date) VALUES (False, 'What miracles did Jesus perform?', (SELECT COUNT(*) FROM dailyblessings.curriculum), '2024-9-12');
INSERT INTO dailyblessings.curriculum_questions (isFillInTheBlank, question, curriculumId, date) VALUES (False, 'Why did Jesus marvel at the Centurion?', (SELECT COUNT(*) FROM dailyblessings.curriculum), '2024-9-12');
INSERT INTO dailyblessings.day (date, copticDate, feast) VALUES ('2024-9-13', 'Tout 3 1741', '');
INSERT INTO dailyblessings.curriculum_day (curriculumId, date, book, chapter, lowerVerse, upperVerse) VALUES ((SELECT COUNT(*) FROM dailyblessings.curriculum), '2024-9-13', 'Matthew', 8, 18, 34);
INSERT INTO dailyblessings.curriculum_questions (isFillInTheBlank, question, curriculumId, date) VALUES (False, 'What did Jesus say about the dead?', (SELECT COUNT(*) FROM dailyblessings.curriculum), '2024-9-13');
INSERT INTO dailyblessings.curriculum_questions (isFillInTheBlank, question, curriculumId, date) VALUES (False, 'Why were the disciples scared? What did Jesus do?', (SELECT COUNT(*) FROM dailyblessings.curriculum), '2024-9-13');
INSERT INTO dailyblessings.day (date, copticDate, feast) VALUES ('2024-9-14', 'Tout 4 1741', 'The Departure of St. Verena');
INSERT INTO dailyblessings.curriculum_day (curriculumId, date, book, chapter, lowerVerse, upperVerse) VALUES ((SELECT COUNT(*) FROM dailyblessings.curriculum), '2024-9-14', 'Matthew', 9, 1, 17);
INSERT INTO dailyblessings.curriculum_questions (isFillInTheBlank, question, curriculumId, date) VALUES (False, 'Write your favorite verse from this week and what it means to you.', (SELECT COUNT(*) FROM dailyblessings.curriculum), '2024-9-14');
INSERT INTO dailyblessings.day (date, copticDate, feast) VALUES ('2024-9-15', 'Tout 5 1741', 'The Martyrdom of St. Sophia');
INSERT INTO dailyblessings.curriculum_day (curriculumId, date, book, chapter, lowerVerse, upperVerse) VALUES ((SELECT COUNT(*) FROM dailyblessings.curriculum), '2024-9-15', 'Matthew', 9, 18, 38);
INSERT INTO dailyblessings.curriculum_questions (isFillInTheBlank, question, curriculumId, date) VALUES (False, 'What did the bleeding woman believe?', (SELECT COUNT(*) FROM dailyblessings.curriculum), '2024-9-15');
INSERT INTO dailyblessings.curriculum_questions (isFillInTheBlank, question, curriculumId, date) VALUES (False, 'How did the Pharisees think Jesus performed the miracle of casting out demons?', (SELECT COUNT(*) FROM dailyblessings.curriculum), '2024-9-15');
INSERT INTO dailyblessings.day (date, copticDate, feast) VALUES ('2024-9-16', 'Tout 6 1741', 'The Martyrdom of Isaiah the Prophet, Son of Amoz');
INSERT INTO dailyblessings.curriculum_day (curriculumId, date, book, chapter, lowerVerse, upperVerse) VALUES ((SELECT COUNT(*) FROM dailyblessings.curriculum), '2024-9-16', 'Matthew', 10, 1, 23);
INSERT INTO dailyblessings.curriculum_questions (isFillInTheBlank, question, curriculumId, date) VALUES (False, 'Where did Jesus want to disciples to preach?', (SELECT COUNT(*) FROM dailyblessings.curriculum), '2024-9-16');
INSERT INTO dailyblessings.curriculum_questions (isFillInTheBlank, question, curriculumId, date) VALUES (False, 'What did Jesus tell the disciples to do if they were turned away from a house or city?', (SELECT COUNT(*) FROM dailyblessings.curriculum), '2024-9-16');
INSERT INTO dailyblessings.day (date, copticDate, feast) VALUES ('2024-9-17', 'Tout 7 1741', 'The Departure of Pope Dioscorus, 25th Pope of Alexandria');
INSERT INTO dailyblessings.curriculum_day (curriculumId, date, book, chapter, lowerVerse, upperVerse) VALUES ((SELECT COUNT(*) FROM dailyblessings.curriculum), '2024-9-17', 'Matthew', 10, 24, 42);
INSERT INTO dailyblessings.curriculum_questions (isFillInTheBlank, question, curriculumId, date) VALUES (True, '''Therefore whoever _ Me before men, him I will also confess before My _ who is in _''', (SELECT COUNT(*) FROM dailyblessings.curriculum), '2024-9-17');
INSERT INTO dailyblessings.curriculum_questions (isFillInTheBlank, question, curriculumId, date) VALUES (False, 'Who should we love first?', (SELECT COUNT(*) FROM dailyblessings.curriculum), '2024-9-17');
INSERT INTO dailyblessings.day (date, copticDate, feast) VALUES ('2024-9-18', 'Tout 8 1741', 'The Departure of Moses the Prophet, The Martyrdom of Zacharias the Priest');
INSERT INTO dailyblessings.curriculum_day (curriculumId, date, book, chapter, lowerVerse, upperVerse) VALUES ((SELECT COUNT(*) FROM dailyblessings.curriculum), '2024-9-18', 'Matthew', 11, 1, 15);
INSERT INTO dailyblessings.curriculum_questions (isFillInTheBlank, question, curriculumId, date) VALUES (False, 'What did Jesus tell John''s followers to tell him?', (SELECT COUNT(*) FROM dailyblessings.curriculum), '2024-9-18');
INSERT INTO dailyblessings.day (date, copticDate, feast) VALUES ('2024-9-19', 'Tout 9 1741', 'The Martyrdom of St.Pisora the Bishop');
INSERT INTO dailyblessings.curriculum_day (curriculumId, date, book, chapter, lowerVerse, upperVerse) VALUES ((SELECT COUNT(*) FROM dailyblessings.curriculum), '2024-9-19', 'Matthew', 11, 16, 30);
INSERT INTO dailyblessings.curriculum_questions (isFillInTheBlank, question, curriculumId, date) VALUES (False, 'When should we thank our Father in heaven?', (SELECT COUNT(*) FROM dailyblessings.curriculum), '2024-9-19');
INSERT INTO dailyblessings.curriculum_questions (isFillInTheBlank, question, curriculumId, date) VALUES (True, '''Come to Me, all you who _ and are heavy _, and I will give you _''', (SELECT COUNT(*) FROM dailyblessings.curriculum), '2024-9-19');
INSERT INTO dailyblessings.day (date, copticDate, feast) VALUES ('2024-9-20', 'Tout 10 1741', 'The Martyrdom of Sts. Youannes the Egyptian and his companions');
INSERT INTO dailyblessings.curriculum_day (curriculumId, date, book, chapter, lowerVerse, upperVerse) VALUES ((SELECT COUNT(*) FROM dailyblessings.curriculum), '2024-9-20', 'Matthew', 12, 1, 24);
INSERT INTO dailyblessings.curriculum_questions (isFillInTheBlank, question, curriculumId, date) VALUES (False, 'Does God want us to offer sacrifices? ', (SELECT COUNT(*) FROM dailyblessings.curriculum), '2024-9-20');
INSERT INTO dailyblessings.curriculum_questions (isFillInTheBlank, question, curriculumId, date) VALUES (False, 'What did Jesus say about the law of the Sabbath?', (SELECT COUNT(*) FROM dailyblessings.curriculum), '2024-9-20');
INSERT INTO dailyblessings.day (date, copticDate, feast) VALUES ('2024-9-21', 'Tout 11 1741', '');
INSERT INTO dailyblessings.curriculum_day (curriculumId, date, book, chapter, lowerVerse, upperVerse) VALUES ((SELECT COUNT(*) FROM dailyblessings.curriculum), '2024-9-21', 'Matthew', 12, 25, 50);
INSERT INTO dailyblessings.curriculum_questions (isFillInTheBlank, question, curriculumId, date) VALUES (False, 'Write your favorite verse and what it means to you.', (SELECT COUNT(*) FROM dailyblessings.curriculum), '2024-9-21');
INSERT INTO dailyblessings.day (date, copticDate, feast) VALUES ('2024-9-22', 'Tout 12 1741', 'The Commemoration of Archangel Michael');
INSERT INTO dailyblessings.curriculum_day (curriculumId, date, book, chapter, lowerVerse, upperVerse) VALUES ((SELECT COUNT(*) FROM dailyblessings.curriculum), '2024-9-22', 'Matthew', 13, 1, 15);
INSERT INTO dailyblessings.curriculum_questions (isFillInTheBlank, question, curriculumId, date) VALUES (False, 'Why did Jesus speak in parables?', (SELECT COUNT(*) FROM dailyblessings.curriculum), '2024-9-22');
INSERT INTO dailyblessings.day (date, copticDate, feast) VALUES ('2024-9-23', 'Tout 13 1741', '');
INSERT INTO dailyblessings.curriculum_day (curriculumId, date, book, chapter, lowerVerse, upperVerse) VALUES ((SELECT COUNT(*) FROM dailyblessings.curriculum), '2024-9-23', 'Matthew', 13, 16, 33);
INSERT INTO dailyblessings.curriculum_questions (isFillInTheBlank, question, curriculumId, date) VALUES (False, 'What will happen to those who receive seeds on good ground?', (SELECT COUNT(*) FROM dailyblessings.curriculum), '2024-9-23');
INSERT INTO dailyblessings.curriculum_questions (isFillInTheBlank, question, curriculumId, date) VALUES (False, 'How many parables did Jesus tell?', (SELECT COUNT(*) FROM dailyblessings.curriculum), '2024-9-23');
INSERT INTO dailyblessings.day (date, copticDate, feast) VALUES ('2024-9-24', 'Tout 14 1741', '');
INSERT INTO dailyblessings.curriculum_day (curriculumId, date, book, chapter, lowerVerse, upperVerse) VALUES ((SELECT COUNT(*) FROM dailyblessings.curriculum), '2024-9-24', 'Matthew', 13, 34, 58);
INSERT INTO dailyblessings.curriculum_questions (isFillInTheBlank, question, curriculumId, date) VALUES (False, 'Jesus compares the kingdom of heaven to?', (SELECT COUNT(*) FROM dailyblessings.curriculum), '2024-9-24');
INSERT INTO dailyblessings.curriculum_questions (isFillInTheBlank, question, curriculumId, date) VALUES (True, '''So it will be at the end of the age. The _ will come forth, separate the _ from among the _, and cast them into the _ of fire.''', (SELECT COUNT(*) FROM dailyblessings.curriculum), '2024-9-24');
INSERT INTO dailyblessings.curriculum_questions (isFillInTheBlank, question, curriculumId, date) VALUES (False, 'Where was Jesus rejected from?', (SELECT COUNT(*) FROM dailyblessings.curriculum), '2024-9-24');
INSERT INTO dailyblessings.day (date, copticDate, feast) VALUES ('2024-9-25', 'Tout 15 1741', 'The Translocation of the Body of St. Stephen the Archdeacon');
INSERT INTO dailyblessings.curriculum_day (curriculumId, date, book, chapter, lowerVerse, upperVerse) VALUES ((SELECT COUNT(*) FROM dailyblessings.curriculum), '2024-9-25', 'Matthew', 14, 1, 21);
INSERT INTO dailyblessings.curriculum_questions (isFillInTheBlank, question, curriculumId, date) VALUES (False, 'Who did King Herod think Jesus was?', (SELECT COUNT(*) FROM dailyblessings.curriculum), '2024-9-25');
INSERT INTO dailyblessings.curriculum_questions (isFillInTheBlank, question, curriculumId, date) VALUES (False, 'How did Jesus feed the five thousand people?', (SELECT COUNT(*) FROM dailyblessings.curriculum), '2024-9-25');
INSERT INTO dailyblessings.day (date, copticDate, feast) VALUES ('2024-9-26', 'Tout 16 1741', '');
INSERT INTO dailyblessings.curriculum_day (curriculumId, date, book, chapter, lowerVerse, upperVerse) VALUES ((SELECT COUNT(*) FROM dailyblessings.curriculum), '2024-9-26', 'Matthew', 14, 22, 36);
INSERT INTO dailyblessings.curriculum_questions (isFillInTheBlank, question, curriculumId, date) VALUES (False, 'Why do you think Jesus told the disciples to not be afraid?', (SELECT COUNT(*) FROM dailyblessings.curriculum), '2024-9-26');
INSERT INTO dailyblessings.curriculum_questions (isFillInTheBlank, question, curriculumId, date) VALUES (False, 'Why did Peter begin to sink?', (SELECT COUNT(*) FROM dailyblessings.curriculum), '2024-9-26');
INSERT INTO dailyblessings.day (date, copticDate, feast) VALUES ('2024-9-27', 'Tout 17 1741', 'The Feast of the Cross (Three days)');
INSERT INTO dailyblessings.curriculum_day (curriculumId, date, book, chapter, lowerVerse, upperVerse) VALUES ((SELECT COUNT(*) FROM dailyblessings.curriculum), '2024-9-27', 'Matthew', 15, 1, 20);
INSERT INTO dailyblessings.curriculum_questions (isFillInTheBlank, question, curriculumId, date) VALUES (False, 'What will happen if the blind lead the blind people?', (SELECT COUNT(*) FROM dailyblessings.curriculum), '2024-9-27');
INSERT INTO dailyblessings.curriculum_questions (isFillInTheBlank, question, curriculumId, date) VALUES (False, 'Who did Jesus say are the blind people? Why?', (SELECT COUNT(*) FROM dailyblessings.curriculum), '2024-9-27');
INSERT INTO dailyblessings.day (date, copticDate, feast) VALUES ('2024-9-28', 'Tout 18 1741', 'The Feast of the Cross (Three days)');
INSERT INTO dailyblessings.curriculum_day (curriculumId, date, book, chapter, lowerVerse, upperVerse) VALUES ((SELECT COUNT(*) FROM dailyblessings.curriculum), '2024-9-28', 'Matthew', 15, 21, 39);
INSERT INTO dailyblessings.curriculum_questions (isFillInTheBlank, question, curriculumId, date) VALUES (False, 'Write your favorite verse and what it means to you.', (SELECT COUNT(*) FROM dailyblessings.curriculum), '2024-9-28');
INSERT INTO dailyblessings.day (date, copticDate, feast) VALUES ('2024-9-29', 'Tout 19 1741', 'The Feast of the Cross (Three days)');
INSERT INTO dailyblessings.curriculum_day (curriculumId, date, book, chapter, lowerVerse, upperVerse) VALUES ((SELECT COUNT(*) FROM dailyblessings.curriculum), '2024-9-29', 'Matthew', 16, 1, 12);
INSERT INTO dailyblessings.curriculum_questions (isFillInTheBlank, question, curriculumId, date) VALUES (False, 'When Jesus talked about bread to the disciples, what was He really talking about?', (SELECT COUNT(*) FROM dailyblessings.curriculum), '2024-9-29');
INSERT INTO dailyblessings.day (date, copticDate, feast) VALUES ('2024-9-30', 'Tout 20 1741', 'The Departure of St. Theopista');
INSERT INTO dailyblessings.curriculum_day (curriculumId, date, book, chapter, lowerVerse, upperVerse) VALUES ((SELECT COUNT(*) FROM dailyblessings.curriculum), '2024-9-30', 'Matthew', 16, 13, 28);
INSERT INTO dailyblessings.curriculum_questions (isFillInTheBlank, question, curriculumId, date) VALUES (False, 'Who did Simon Peter say that Jesus is?', (SELECT COUNT(*) FROM dailyblessings.curriculum), '2024-9-30');
INSERT INTO dailyblessings.curriculum_questions (isFillInTheBlank, question, curriculumId, date) VALUES (False, 'What did Jesus reveal to Peter after he said these things?', (SELECT COUNT(*) FROM dailyblessings.curriculum), '2024-9-30');
INSERT INTO dailyblessings.curriculum_questions (isFillInTheBlank, question, curriculumId, date) VALUES (True, 'If anyone desires to come after Me, let him _ himself, and take up his _, and _ Me.''', (SELECT COUNT(*) FROM dailyblessings.curriculum), '2024-9-30');
INSERT INTO dailyblessings.day (date, copticDate, feast) VALUES ('2024-10-1', 'Tout 21 1741', 'The Commemoration of the Virgin St.Mary, the Theotokos, The Martyrdom of St. Cyprian the Bishop and St. Justina');
INSERT INTO dailyblessings.curriculum_day (curriculumId, date, book, chapter, lowerVerse, upperVerse) VALUES ((SELECT COUNT(*) FROM dailyblessings.curriculum), '2024-10-1', 'Matthew', 17, 1, 13);
INSERT INTO dailyblessings.curriculum_questions (isFillInTheBlank, question, curriculumId, date) VALUES (False, 'Who saw Jesus'' transfiguration?', (SELECT COUNT(*) FROM dailyblessings.curriculum), '2024-10-1');
INSERT INTO dailyblessings.curriculum_questions (isFillInTheBlank, question, curriculumId, date) VALUES (False, 'Jesus told the disciples not to speak of what they saw until?', (SELECT COUNT(*) FROM dailyblessings.curriculum), '2024-10-1');
INSERT INTO dailyblessings.day (date, copticDate, feast) VALUES ('2024-10-2', 'Tout 22 1741', '');
INSERT INTO dailyblessings.curriculum_day (curriculumId, date, book, chapter, lowerVerse, upperVerse) VALUES ((SELECT COUNT(*) FROM dailyblessings.curriculum), '2024-10-2', 'Matthew', 17, 14, 27);
INSERT INTO dailyblessings.curriculum_questions (isFillInTheBlank, question, curriculumId, date) VALUES (False, 'Why were the disciples not able to cast out demons?', (SELECT COUNT(*) FROM dailyblessings.curriculum), '2024-10-2');
INSERT INTO dailyblessings.curriculum_questions (isFillInTheBlank, question, curriculumId, date) VALUES (True, 'If you have _ as a _, you will say to this mountain, ''_ from here to there''', (SELECT COUNT(*) FROM dailyblessings.curriculum), '2024-10-2');
INSERT INTO dailyblessings.day (date, copticDate, feast) VALUES ('2024-10-3', 'Tout 23 1741', '');
INSERT INTO dailyblessings.curriculum_day (curriculumId, date, book, chapter, lowerVerse, upperVerse) VALUES ((SELECT COUNT(*) FROM dailyblessings.curriculum), '2024-10-3', 'Matthew', 18, 1, 20);
INSERT INTO dailyblessings.curriculum_questions (isFillInTheBlank, question, curriculumId, date) VALUES (False, 'Why does Jesus say we should become little children?', (SELECT COUNT(*) FROM dailyblessings.curriculum), '2024-10-3');
INSERT INTO dailyblessings.curriculum_questions (isFillInTheBlank, question, curriculumId, date) VALUES (False, 'What will happen if we are lost like sheep?', (SELECT COUNT(*) FROM dailyblessings.curriculum), '2024-10-3');
INSERT INTO dailyblessings.day (date, copticDate, feast) VALUES ('2024-10-4', 'Tout 24 1741', 'The Departure of St. Gregory, the Theologian');
INSERT INTO dailyblessings.curriculum_day (curriculumId, date, book, chapter, lowerVerse, upperVerse) VALUES ((SELECT COUNT(*) FROM dailyblessings.curriculum), '2024-10-4', 'Matthew', 18, 21, 35);
INSERT INTO dailyblessings.curriculum_questions (isFillInTheBlank, question, curriculumId, date) VALUES (False, 'When Jesus said to forgive your brother up to seventy times, what did He mean?', (SELECT COUNT(*) FROM dailyblessings.curriculum), '2024-10-4');
INSERT INTO dailyblessings.curriculum_questions (isFillInTheBlank, question, curriculumId, date) VALUES (True, '''So My heavenly Father also will do to you if each of you, from his _, does not_ his brother his _''', (SELECT COUNT(*) FROM dailyblessings.curriculum), '2024-10-4');
INSERT INTO dailyblessings.day (date, copticDate, feast) VALUES ('2024-10-5', 'Tout 25 1741', 'The Departure of Jonah, the Great Prophet');
INSERT INTO dailyblessings.curriculum_day (curriculumId, date, book, chapter, lowerVerse, upperVerse) VALUES ((SELECT COUNT(*) FROM dailyblessings.curriculum), '2024-10-5', 'Matthew', 19, 1, 15);
INSERT INTO dailyblessings.curriculum_questions (isFillInTheBlank, question, curriculumId, date) VALUES (False, 'Write your favorite verse and what it means to you.', (SELECT COUNT(*) FROM dailyblessings.curriculum), '2024-10-5');
INSERT INTO dailyblessings.day (date, copticDate, feast) VALUES ('2024-10-6', 'Tout 26 1741', 'The Annunciation of Zacharias the Priest with the Birth John the Baptist');
INSERT INTO dailyblessings.curriculum_day (curriculumId, date, book, chapter, lowerVerse, upperVerse) VALUES ((SELECT COUNT(*) FROM dailyblessings.curriculum), '2024-10-6', 'Matthew', 19, 16, 30);
INSERT INTO dailyblessings.curriculum_questions (isFillInTheBlank, question, curriculumId, date) VALUES (False, 'What did the rich man ask Jesus? How did He respond?', (SELECT COUNT(*) FROM dailyblessings.curriculum), '2024-10-6');
INSERT INTO dailyblessings.curriculum_questions (isFillInTheBlank, question, curriculumId, date) VALUES (False, 'What does verse 30 mean?', (SELECT COUNT(*) FROM dailyblessings.curriculum), '2024-10-6');
INSERT INTO dailyblessings.day (date, copticDate, feast) VALUES ('2024-10-7', 'Tout 27 1741', '');
INSERT INTO dailyblessings.curriculum_day (curriculumId, date, book, chapter, lowerVerse, upperVerse) VALUES ((SELECT COUNT(*) FROM dailyblessings.curriculum), '2024-10-7', 'Matthew', 20, 1, 16);
INSERT INTO dailyblessings.curriculum_questions (isFillInTheBlank, question, curriculumId, date) VALUES (False, 'What was the purpose of the story of the landowner and the laborers?', (SELECT COUNT(*) FROM dailyblessings.curriculum), '2024-10-7');
INSERT INTO dailyblessings.curriculum_questions (isFillInTheBlank, question, curriculumId, date) VALUES (True, '''So the last will be _, and the first _ For many are _, but few _''', (SELECT COUNT(*) FROM dailyblessings.curriculum), '2024-10-7');
INSERT INTO dailyblessings.day (date, copticDate, feast) VALUES ('2024-10-8', 'Tout 28 1741', '');
INSERT INTO dailyblessings.curriculum_day (curriculumId, date, book, chapter, lowerVerse, upperVerse) VALUES ((SELECT COUNT(*) FROM dailyblessings.curriculum), '2024-10-8', 'Matthew', 20, 17, 34);
INSERT INTO dailyblessings.curriculum_questions (isFillInTheBlank, question, curriculumId, date) VALUES (False, 'What did Jesus tell his disciples?', (SELECT COUNT(*) FROM dailyblessings.curriculum), '2024-10-8');
INSERT INTO dailyblessings.curriculum_questions (isFillInTheBlank, question, curriculumId, date) VALUES (False, 'What did the mother of Zebedee''s son ask Jesus?', (SELECT COUNT(*) FROM dailyblessings.curriculum), '2024-10-8');
INSERT INTO dailyblessings.curriculum_questions (isFillInTheBlank, question, curriculumId, date) VALUES (False, 'What does it mean to be last among others?', (SELECT COUNT(*) FROM dailyblessings.curriculum), '2024-10-8');
INSERT INTO dailyblessings.day (date, copticDate, feast) VALUES ('2024-10-9', 'Tout 29 1741', '');
INSERT INTO dailyblessings.curriculum_day (curriculumId, date, book, chapter, lowerVerse, upperVerse) VALUES ((SELECT COUNT(*) FROM dailyblessings.curriculum), '2024-10-9', 'Matthew', 21, 1, 22);
INSERT INTO dailyblessings.curriculum_questions (isFillInTheBlank, question, curriculumId, date) VALUES (False, 'What were people doing in the temple?', (SELECT COUNT(*) FROM dailyblessings.curriculum), '2024-10-9');
INSERT INTO dailyblessings.curriculum_questions (isFillInTheBlank, question, curriculumId, date) VALUES (False, 'Why did Jesus condemns the fig tree?', (SELECT COUNT(*) FROM dailyblessings.curriculum), '2024-10-9');
INSERT INTO dailyblessings.day (date, copticDate, feast) VALUES ('2024-10-10', 'Tout 30 1741', '');
INSERT INTO dailyblessings.curriculum_day (curriculumId, date, book, chapter, lowerVerse, upperVerse) VALUES ((SELECT COUNT(*) FROM dailyblessings.curriculum), '2024-10-10', 'Matthew', 21, 23, 46);
INSERT INTO dailyblessings.curriculum_questions (isFillInTheBlank, question, curriculumId, date) VALUES (False, 'Who believed the words of John the Baptist?', (SELECT COUNT(*) FROM dailyblessings.curriculum), '2024-10-10');
INSERT INTO dailyblessings.curriculum_questions (isFillInTheBlank, question, curriculumId, date) VALUES (True, '''The stone which the builder _ has become the chief _''', (SELECT COUNT(*) FROM dailyblessings.curriculum), '2024-10-10');
INSERT INTO dailyblessings.curriculum_questions (isFillInTheBlank, question, curriculumId, date) VALUES (False, 'Who will receive the kingdom of heaven?', (SELECT COUNT(*) FROM dailyblessings.curriculum), '2024-10-10');
INSERT INTO dailyblessings.day (date, copticDate, feast) VALUES ('2024-10-11', 'Baba 1 1741', 'The Martyrdom of St. Anastasia');
INSERT INTO dailyblessings.curriculum_day (curriculumId, date, book, chapter, lowerVerse, upperVerse) VALUES ((SELECT COUNT(*) FROM dailyblessings.curriculum), '2024-10-11', 'Matthew', 22, 1, 22);
INSERT INTO dailyblessings.curriculum_questions (isFillInTheBlank, question, curriculumId, date) VALUES (False, 'From the parable: Why did the king throw out the man who was not dressed for the wedding?', (SELECT COUNT(*) FROM dailyblessings.curriculum), '2024-10-11');
INSERT INTO dailyblessings.day (date, copticDate, feast) VALUES ('2024-10-12', 'Baba 2 1741', '');
INSERT INTO dailyblessings.curriculum_day (curriculumId, date, book, chapter, lowerVerse, upperVerse) VALUES ((SELECT COUNT(*) FROM dailyblessings.curriculum), '2024-10-12', 'Matthew', 22, 23, 46);
INSERT INTO dailyblessings.curriculum_questions (isFillInTheBlank, question, curriculumId, date) VALUES (False, 'Write your favorite verse and what it means to you.', (SELECT COUNT(*) FROM dailyblessings.curriculum), '2024-10-12');
INSERT INTO dailyblessings.day (date, copticDate, feast) VALUES ('2024-10-13', 'Baba 3 1741', 'The Departure of Empress Theodora');
INSERT INTO dailyblessings.curriculum_day (curriculumId, date, book, chapter, lowerVerse, upperVerse) VALUES ((SELECT COUNT(*) FROM dailyblessings.curriculum), '2024-10-13', 'Matthew', 23, 1, 22);
INSERT INTO dailyblessings.curriculum_questions (isFillInTheBlank, question, curriculumId, date) VALUES (False, 'Did the Pharisees practice what they preached?', (SELECT COUNT(*) FROM dailyblessings.curriculum), '2024-10-13');
INSERT INTO dailyblessings.day (date, copticDate, feast) VALUES ('2024-10-14', 'Baba 4 1741', '');
INSERT INTO dailyblessings.curriculum_day (curriculumId, date, book, chapter, lowerVerse, upperVerse) VALUES ((SELECT COUNT(*) FROM dailyblessings.curriculum), '2024-10-14', 'Matthew', 23, 23, 39);
INSERT INTO dailyblessings.curriculum_questions (isFillInTheBlank, question, curriculumId, date) VALUES (False, 'What is Jesus warning the Pharisee about?', (SELECT COUNT(*) FROM dailyblessings.curriculum), '2024-10-14');
INSERT INTO dailyblessings.curriculum_questions (isFillInTheBlank, question, curriculumId, date) VALUES (False, 'What does it mean that the Pharisee drink from a cup clean on the outside, but dirty on the inside? ', (SELECT COUNT(*) FROM dailyblessings.curriculum), '2024-10-14');
INSERT INTO dailyblessings.day (date, copticDate, feast) VALUES ('2024-10-15', 'Baba 5 1741', 'The Martyrdom of St. Paul, Patriarch of Constantinople');
INSERT INTO dailyblessings.curriculum_day (curriculumId, date, book, chapter, lowerVerse, upperVerse) VALUES ((SELECT COUNT(*) FROM dailyblessings.curriculum), '2024-10-15', 'Matthew', 24, 1, 14);
INSERT INTO dailyblessings.curriculum_questions (isFillInTheBlank, question, curriculumId, date) VALUES (False, 'What will happen to those who follow Christ at the end?', (SELECT COUNT(*) FROM dailyblessings.curriculum), '2024-10-15');
INSERT INTO dailyblessings.curriculum_questions (isFillInTheBlank, question, curriculumId, date) VALUES (False, 'Why should we continue to trust in the Lord?', (SELECT COUNT(*) FROM dailyblessings.curriculum), '2024-10-15');
INSERT INTO dailyblessings.day (date, copticDate, feast) VALUES ('2024-10-16', 'Baba 6 1741', 'The Departure of the Righteous Hannah, Mother of Samuel, the Prophet');
INSERT INTO dailyblessings.curriculum_day (curriculumId, date, book, chapter, lowerVerse, upperVerse) VALUES ((SELECT COUNT(*) FROM dailyblessings.curriculum), '2024-10-16', 'Matthew', 24, 15, 31);
INSERT INTO dailyblessings.curriculum_questions (isFillInTheBlank, question, curriculumId, date) VALUES (True, '''And He will send His _ with a great sound of a _, and they will gather together His elect from the four _, from one end of heaven to the other''', (SELECT COUNT(*) FROM dailyblessings.curriculum), '2024-10-16');
INSERT INTO dailyblessings.day (date, copticDate, feast) VALUES ('2024-10-17', 'Baba 7 1741', 'The Departure of St. Paul of Tammoh');
INSERT INTO dailyblessings.curriculum_day (curriculumId, date, book, chapter, lowerVerse, upperVerse) VALUES ((SELECT COUNT(*) FROM dailyblessings.curriculum), '2024-10-17', 'Matthew', 24, 32, 51);
INSERT INTO dailyblessings.curriculum_questions (isFillInTheBlank, question, curriculumId, date) VALUES (False, 'Why must we always be ready?', (SELECT COUNT(*) FROM dailyblessings.curriculum), '2024-10-17');
INSERT INTO dailyblessings.day (date, copticDate, feast) VALUES ('2024-10-18', 'Baba 8 1741', '');
INSERT INTO dailyblessings.curriculum_day (curriculumId, date, book, chapter, lowerVerse, upperVerse) VALUES ((SELECT COUNT(*) FROM dailyblessings.curriculum), '2024-10-18', 'Matthew', 25, 1, 23);
INSERT INTO dailyblessings.curriculum_questions (isFillInTheBlank, question, curriculumId, date) VALUES (False, 'What happened to the five foolish women?', (SELECT COUNT(*) FROM dailyblessings.curriculum), '2024-10-18');
INSERT INTO dailyblessings.curriculum_questions (isFillInTheBlank, question, curriculumId, date) VALUES (False, 'What did the servants with five and two talents do with them?', (SELECT COUNT(*) FROM dailyblessings.curriculum), '2024-10-18');
INSERT INTO dailyblessings.day (date, copticDate, feast) VALUES ('2024-10-19', 'Baba 9 1741', '');
INSERT INTO dailyblessings.curriculum_day (curriculumId, date, book, chapter, lowerVerse, upperVerse) VALUES ((SELECT COUNT(*) FROM dailyblessings.curriculum), '2024-10-19', 'Matthew', 25, 24, 46);
INSERT INTO dailyblessings.curriculum_questions (isFillInTheBlank, question, curriculumId, date) VALUES (False, 'Write your favorite verse and what it means to you.', (SELECT COUNT(*) FROM dailyblessings.curriculum), '2024-10-19');
INSERT INTO dailyblessings.day (date, copticDate, feast) VALUES ('2024-10-20', 'Baba 10 1741', '');
INSERT INTO dailyblessings.curriculum_day (curriculumId, date, book, chapter, lowerVerse, upperVerse) VALUES ((SELECT COUNT(*) FROM dailyblessings.curriculum), '2024-10-20', 'Matthew', 26, 1, 25);
INSERT INTO dailyblessings.curriculum_questions (isFillInTheBlank, question, curriculumId, date) VALUES (False, 'What did Jesus say the woman anointing His feet was doing?', (SELECT COUNT(*) FROM dailyblessings.curriculum), '2024-10-20');
INSERT INTO dailyblessings.curriculum_questions (isFillInTheBlank, question, curriculumId, date) VALUES (False, 'How did the disciples know Judas was going to betray Jesus?', (SELECT COUNT(*) FROM dailyblessings.curriculum), '2024-10-20');
INSERT INTO dailyblessings.day (date, copticDate, feast) VALUES ('2024-10-21', 'Baba 11 1741', 'The Departure of St. James, Patriarch of Antioch ');
INSERT INTO dailyblessings.curriculum_day (curriculumId, date, book, chapter, lowerVerse, upperVerse) VALUES ((SELECT COUNT(*) FROM dailyblessings.curriculum), '2024-10-21', 'Matthew', 26, 26, 46);
INSERT INTO dailyblessings.curriculum_questions (isFillInTheBlank, question, curriculumId, date) VALUES (False, 'What did this Passover meal with Jesus represent?', (SELECT COUNT(*) FROM dailyblessings.curriculum), '2024-10-21');
INSERT INTO dailyblessings.curriculum_questions (isFillInTheBlank, question, curriculumId, date) VALUES (False, 'Where did Jesus go to pray at night?', (SELECT COUNT(*) FROM dailyblessings.curriculum), '2024-10-21');
INSERT INTO dailyblessings.curriculum_questions (isFillInTheBlank, question, curriculumId, date) VALUES (False, 'What were the disciples doing while Jesus was praying?', (SELECT COUNT(*) FROM dailyblessings.curriculum), '2024-10-21');
INSERT INTO dailyblessings.day (date, copticDate, feast) VALUES ('2024-10-22', 'Baba 12 1741', 'The Commemoration of the Honorable Archangel Michael, The Martyrdom of St. Matthew the Evangelist');
INSERT INTO dailyblessings.curriculum_day (curriculumId, date, book, chapter, lowerVerse, upperVerse) VALUES ((SELECT COUNT(*) FROM dailyblessings.curriculum), '2024-10-22', 'Matthew', 26, 47, 68);
INSERT INTO dailyblessings.curriculum_questions (isFillInTheBlank, question, curriculumId, date) VALUES (False, 'When the disciple cut the ear of the servant, what did Jesus say?', (SELECT COUNT(*) FROM dailyblessings.curriculum), '2024-10-22');
INSERT INTO dailyblessings.curriculum_questions (isFillInTheBlank, question, curriculumId, date) VALUES (False, 'Who was the high priest who Jesus saw at night?', (SELECT COUNT(*) FROM dailyblessings.curriculum), '2024-10-22');
INSERT INTO dailyblessings.day (date, copticDate, feast) VALUES ('2024-10-23', 'Baba 13 1741', 'The Departure of St. Zacharias, the Monk');
INSERT INTO dailyblessings.curriculum_day (curriculumId, date, book, chapter, lowerVerse, upperVerse) VALUES ((SELECT COUNT(*) FROM dailyblessings.curriculum), '2024-10-23', 'Matthew', 26, 69, 75);
INSERT INTO dailyblessings.curriculum_questions (isFillInTheBlank, question, curriculumId, date) VALUES (False, 'What did Peter do outside the courtyard?', (SELECT COUNT(*) FROM dailyblessings.curriculum), '2024-10-23');
INSERT INTO dailyblessings.curriculum_questions (isFillInTheBlank, question, curriculumId, date) VALUES (False, 'What did he do after?', (SELECT COUNT(*) FROM dailyblessings.curriculum), '2024-10-23');
INSERT INTO dailyblessings.day (date, copticDate, feast) VALUES ('2024-10-24', 'Baba 14 1741', 'The Departure of St. Philip, One of the Seven Deacons ');
INSERT INTO dailyblessings.curriculum_day (curriculumId, date, book, chapter, lowerVerse, upperVerse) VALUES ((SELECT COUNT(*) FROM dailyblessings.curriculum), '2024-10-24', 'Matthew', 27, 1, 14);
INSERT INTO dailyblessings.curriculum_questions (isFillInTheBlank, question, curriculumId, date) VALUES (False, 'What is the Field of Blood?', (SELECT COUNT(*) FROM dailyblessings.curriculum), '2024-10-24');
INSERT INTO dailyblessings.curriculum_questions (isFillInTheBlank, question, curriculumId, date) VALUES (False, 'What did Jesus say in front of Pilate?', (SELECT COUNT(*) FROM dailyblessings.curriculum), '2024-10-24');
INSERT INTO dailyblessings.day (date, copticDate, feast) VALUES ('2024-10-25', 'Baba 15 1741', 'The Martyrdom of St. Panteleimon, the Physician');
INSERT INTO dailyblessings.curriculum_day (curriculumId, date, book, chapter, lowerVerse, upperVerse) VALUES ((SELECT COUNT(*) FROM dailyblessings.curriculum), '2024-10-25', 'Matthew', 27, 15, 31);
INSERT INTO dailyblessings.curriculum_questions (isFillInTheBlank, question, curriculumId, date) VALUES (False, 'Who did Pilate release instead of Jesus?', (SELECT COUNT(*) FROM dailyblessings.curriculum), '2024-10-25');
INSERT INTO dailyblessings.curriculum_questions (isFillInTheBlank, question, curriculumId, date) VALUES (False, 'What did the Roman soldiers do with Jesus?', (SELECT COUNT(*) FROM dailyblessings.curriculum), '2024-10-25');
INSERT INTO dailyblessings.day (date, copticDate, feast) VALUES ('2024-10-26', 'Baba 16 1741', '');
INSERT INTO dailyblessings.curriculum_day (curriculumId, date, book, chapter, lowerVerse, upperVerse) VALUES ((SELECT COUNT(*) FROM dailyblessings.curriculum), '2024-10-26', 'Matthew', 27, 32, 48);
INSERT INTO dailyblessings.curriculum_questions (isFillInTheBlank, question, curriculumId, date) VALUES (False, 'Write your favorite verse and what it means to you.', (SELECT COUNT(*) FROM dailyblessings.curriculum), '2024-10-26');
INSERT INTO dailyblessings.day (date, copticDate, feast) VALUES ('2024-10-27', 'Baba 17 1741', 'The Departure of St. Dioscorus II, 31st Pope of Alexandria ');
INSERT INTO dailyblessings.curriculum_day (curriculumId, date, book, chapter, lowerVerse, upperVerse) VALUES ((SELECT COUNT(*) FROM dailyblessings.curriculum), '2024-10-27', 'Matthew', 27, 49, 66);
INSERT INTO dailyblessings.curriculum_questions (isFillInTheBlank, question, curriculumId, date) VALUES (False, 'After Jesus yielded His spirit, what happened?', (SELECT COUNT(*) FROM dailyblessings.curriculum), '2024-10-27');
INSERT INTO dailyblessings.curriculum_questions (isFillInTheBlank, question, curriculumId, date) VALUES (False, 'Whose tomb was Jesus buried in?', (SELECT COUNT(*) FROM dailyblessings.curriculum), '2024-10-27');
INSERT INTO dailyblessings.curriculum_questions (isFillInTheBlank, question, curriculumId, date) VALUES (False, 'What were the Pharisees afraid the disciples would do?', (SELECT COUNT(*) FROM dailyblessings.curriculum), '2024-10-27');
INSERT INTO dailyblessings.day (date, copticDate, feast) VALUES ('2024-10-28', 'Baba 18 1741', '');
INSERT INTO dailyblessings.curriculum_day (curriculumId, date, book, chapter, lowerVerse, upperVerse) VALUES ((SELECT COUNT(*) FROM dailyblessings.curriculum), '2024-10-28', 'Matthew', 28, NULL, NULL);
INSERT INTO dailyblessings.curriculum_questions (isFillInTheBlank, question, curriculumId, date) VALUES (False, 'What did the angel tell the women who were walking to Jesus'' tomb?', (SELECT COUNT(*) FROM dailyblessings.curriculum), '2024-10-28');
INSERT INTO dailyblessings.curriculum_questions (isFillInTheBlank, question, curriculumId, date) VALUES (False, 'What did the chief priests pay the soldiers to say?', (SELECT COUNT(*) FROM dailyblessings.curriculum), '2024-10-28');
INSERT INTO dailyblessings.curriculum_questions (isFillInTheBlank, question, curriculumId, date) VALUES (True, 'Go therefore and make _ of all the nations, _ them in the name of the _ and of the _ and of the _''', (SELECT COUNT(*) FROM dailyblessings.curriculum), '2024-10-28');
INSERT INTO dailyblessings.day (date, copticDate, feast) VALUES ('2024-10-29', 'Baba 19 1741', '');
INSERT INTO dailyblessings.curriculum_day (curriculumId, date, book, chapter, lowerVerse, upperVerse) VALUES ((SELECT COUNT(*) FROM dailyblessings.curriculum), '2024-10-29', 'Exodus', 1, NULL, NULL);
INSERT INTO dailyblessings.curriculum_questions (isFillInTheBlank, question, curriculumId, date) VALUES (False, 'What happened to the Hebrews after a new Pharoh came to rule?', (SELECT COUNT(*) FROM dailyblessings.curriculum), '2024-10-29');
INSERT INTO dailyblessings.curriculum_questions (isFillInTheBlank, question, curriculumId, date) VALUES (False, 'What did this new King do with the Hebrew babies that were born?', (SELECT COUNT(*) FROM dailyblessings.curriculum), '2024-10-29');
INSERT INTO dailyblessings.day (date, copticDate, feast) VALUES ('2024-10-30', 'Baba 20 1741', 'The Departure of the Great St. John Colobos (the Short) ');
INSERT INTO dailyblessings.curriculum_day (curriculumId, date, book, chapter, lowerVerse, upperVerse) VALUES ((SELECT COUNT(*) FROM dailyblessings.curriculum), '2024-10-30', 'Exodus', 2, NULL, NULL);
INSERT INTO dailyblessings.curriculum_questions (isFillInTheBlank, question, curriculumId, date) VALUES (False, 'What did the Levite woman who had a son do with him?', (SELECT COUNT(*) FROM dailyblessings.curriculum), '2024-10-30');
INSERT INTO dailyblessings.curriculum_questions (isFillInTheBlank, question, curriculumId, date) VALUES (False, 'What happened to Moses when he fled Egypt?', (SELECT COUNT(*) FROM dailyblessings.curriculum), '2024-10-30');
INSERT INTO dailyblessings.day (date, copticDate, feast) VALUES ('2024-10-31', 'Baba 21 1741', 'The Commemoration of the Theotokos, the Virgin St. Mary, The Departure of Joel the Prophet');
INSERT INTO dailyblessings.curriculum_day (curriculumId, date, book, chapter, lowerVerse, upperVerse) VALUES ((SELECT COUNT(*) FROM dailyblessings.curriculum), '2024-10-31', 'Exodus', 3, NULL, NULL);
INSERT INTO dailyblessings.curriculum_questions (isFillInTheBlank, question, curriculumId, date) VALUES (False, 'What was the name of the mountain on which the Lord appeared to Moses from the burning bush?', (SELECT COUNT(*) FROM dailyblessings.curriculum), '2024-10-31');
INSERT INTO dailyblessings.curriculum_questions (isFillInTheBlank, question, curriculumId, date) VALUES (False, 'When Moses asked what he should say when the Egyptians ask ''What is his name?''?', (SELECT COUNT(*) FROM dailyblessings.curriculum), '2024-10-31');
INSERT INTO dailyblessings.day (date, copticDate, feast) VALUES ('2024-11-1', 'Baba 22 1741', 'The Martyrdom of St. Luke the Evangelist');
INSERT INTO dailyblessings.curriculum_day (curriculumId, date, book, chapter, lowerVerse, upperVerse) VALUES ((SELECT COUNT(*) FROM dailyblessings.curriculum), '2024-11-1', 'Exodus', 4, 1, 13);
INSERT INTO dailyblessings.curriculum_questions (isFillInTheBlank, question, curriculumId, date) VALUES (False, 'What happened when Moses threw the staff on the ground?', (SELECT COUNT(*) FROM dailyblessings.curriculum), '2024-11-1');
INSERT INTO dailyblessings.curriculum_questions (isFillInTheBlank, question, curriculumId, date) VALUES (False, 'Why did Moses not want to go to Egypt?', (SELECT COUNT(*) FROM dailyblessings.curriculum), '2024-11-1');
INSERT INTO dailyblessings.day (date, copticDate, feast) VALUES ('2024-11-2', 'Baba 23 1741', '');
INSERT INTO dailyblessings.curriculum_day (curriculumId, date, book, chapter, lowerVerse, upperVerse) VALUES ((SELECT COUNT(*) FROM dailyblessings.curriculum), '2024-11-2', 'Exodus', 4, 14, 31);
INSERT INTO dailyblessings.curriculum_questions (isFillInTheBlank, question, curriculumId, date) VALUES (False, 'Write your favorite verse and what it means to you.', (SELECT COUNT(*) FROM dailyblessings.curriculum), '2024-11-2');
INSERT INTO dailyblessings.day (date, copticDate, feast) VALUES ('2024-11-3', 'Baba 24 1741', '');
INSERT INTO dailyblessings.curriculum_day (curriculumId, date, book, chapter, lowerVerse, upperVerse) VALUES ((SELECT COUNT(*) FROM dailyblessings.curriculum), '2024-11-3', 'Exodus', 5, NULL, NULL);
INSERT INTO dailyblessings.curriculum_questions (isFillInTheBlank, question, curriculumId, date) VALUES (False, 'What did Pharoh do when Moses and Aaron asked to let His people go?', (SELECT COUNT(*) FROM dailyblessings.curriculum), '2024-11-3');
INSERT INTO dailyblessings.curriculum_questions (isFillInTheBlank, question, curriculumId, date) VALUES (False, 'Who did the Isrealites blame when their work became harder?', (SELECT COUNT(*) FROM dailyblessings.curriculum), '2024-11-3');
INSERT INTO dailyblessings.day (date, copticDate, feast) VALUES ('2024-11-4', 'Baba 25 1741', '');
INSERT INTO dailyblessings.curriculum_day (curriculumId, date, book, chapter, lowerVerse, upperVerse) VALUES ((SELECT COUNT(*) FROM dailyblessings.curriculum), '2024-11-4', 'Exodus', 6, 1, 13);
INSERT INTO dailyblessings.curriculum_questions (isFillInTheBlank, question, curriculumId, date) VALUES (True, '''I will free you from being _ to them, and I will redeem you with an outstretched arm and with _ acts of _  I will take you as my own people, and I will be your God. Then you will know that I am the Lord your God, who brought you out from under the yoke of the _''', (SELECT COUNT(*) FROM dailyblessings.curriculum), '2024-11-4');
INSERT INTO dailyblessings.day (date, copticDate, feast) VALUES ('2024-11-5', 'Baba 26 1741', 'The Martyrdom of St. Timon the Apostle');
INSERT INTO dailyblessings.curriculum_day (curriculumId, date, book, chapter, lowerVerse, upperVerse) VALUES ((SELECT COUNT(*) FROM dailyblessings.curriculum), '2024-11-5', 'Psalm', 8, NULL, NULL);
INSERT INTO dailyblessings.curriculum_questions (isFillInTheBlank, question, curriculumId, date) VALUES (False, 'What was your favorite verse and why?', (SELECT COUNT(*) FROM dailyblessings.curriculum), '2024-11-5');
INSERT INTO dailyblessings.day (date, copticDate, feast) VALUES ('2024-11-6', 'Baba 27 1741', 'The Martyrdom of St. Macarius, Bishop of Edko ');
INSERT INTO dailyblessings.curriculum_day (curriculumId, date, book, chapter, lowerVerse, upperVerse) VALUES ((SELECT COUNT(*) FROM dailyblessings.curriculum), '2024-11-6', 'Exodus', 7, 1, 13);
INSERT INTO dailyblessings.curriculum_questions (isFillInTheBlank, question, curriculumId, date) VALUES (False, 'What was the first miracle Moses and Aaron performed?', (SELECT COUNT(*) FROM dailyblessings.curriculum), '2024-11-6');
INSERT INTO dailyblessings.curriculum_questions (isFillInTheBlank, question, curriculumId, date) VALUES (False, 'What did Pharoh do in response?', (SELECT COUNT(*) FROM dailyblessings.curriculum), '2024-11-6');
INSERT INTO dailyblessings.day (date, copticDate, feast) VALUES ('2024-11-7', 'Baba 28 1741', 'Martyrdom of the Sts. Marcian and Mercurius ');
INSERT INTO dailyblessings.curriculum_day (curriculumId, date, book, chapter, lowerVerse, upperVerse) VALUES ((SELECT COUNT(*) FROM dailyblessings.curriculum), '2024-11-7', 'Exodus', 7, 14, 25);
INSERT INTO dailyblessings.curriculum_questions (isFillInTheBlank, question, curriculumId, date) VALUES (False, 'What was the first plague performed?', (SELECT COUNT(*) FROM dailyblessings.curriculum), '2024-11-7');
INSERT INTO dailyblessings.curriculum_questions (isFillInTheBlank, question, curriculumId, date) VALUES (False, 'What happened to the Egyptians because of this?', (SELECT COUNT(*) FROM dailyblessings.curriculum), '2024-11-7');
INSERT INTO dailyblessings.day (date, copticDate, feast) VALUES ('2024-11-8', 'Baba 29 1741', 'The Martyrdom of St. Demetrius of Thessalonica');
INSERT INTO dailyblessings.curriculum_day (curriculumId, date, book, chapter, lowerVerse, upperVerse) VALUES ((SELECT COUNT(*) FROM dailyblessings.curriculum), '2024-11-8', 'Exodus', 8, 1, 19);
INSERT INTO dailyblessings.curriculum_questions (isFillInTheBlank, question, curriculumId, date) VALUES (False, 'What was the second plague? The third?', (SELECT COUNT(*) FROM dailyblessings.curriculum), '2024-11-8');
INSERT INTO dailyblessings.curriculum_questions (isFillInTheBlank, question, curriculumId, date) VALUES (False, 'Why did Pharoh not listen?', (SELECT COUNT(*) FROM dailyblessings.curriculum), '2024-11-8');
INSERT INTO dailyblessings.day (date, copticDate, feast) VALUES ('2024-11-9', 'Baba 30 1741', '');
INSERT INTO dailyblessings.curriculum_day (curriculumId, date, book, chapter, lowerVerse, upperVerse) VALUES ((SELECT COUNT(*) FROM dailyblessings.curriculum), '2024-11-9', 'Exodus', 8, 20, 32);
INSERT INTO dailyblessings.curriculum_questions (isFillInTheBlank, question, curriculumId, date) VALUES (False, 'Write your favorite verse and what it means to you.', (SELECT COUNT(*) FROM dailyblessings.curriculum), '2024-11-9');
INSERT INTO dailyblessings.day (date, copticDate, feast) VALUES ('2024-11-10', 'Hatour 1 1741', 'The Martyrdom of St. Cleopas the Apostle, one of the two Disciples of Emmaus');
INSERT INTO dailyblessings.curriculum_day (curriculumId, date, book, chapter, lowerVerse, upperVerse) VALUES ((SELECT COUNT(*) FROM dailyblessings.curriculum), '2024-11-10', 'Exodus', 9, 1, 12);
INSERT INTO dailyblessings.curriculum_questions (isFillInTheBlank, question, curriculumId, date) VALUES (False, 'What was the fifth and sixth plague?', (SELECT COUNT(*) FROM dailyblessings.curriculum), '2024-11-10');
INSERT INTO dailyblessings.day (date, copticDate, feast) VALUES ('2024-11-11', 'Hatour 2 1741', '');
INSERT INTO dailyblessings.curriculum_day (curriculumId, date, book, chapter, lowerVerse, upperVerse) VALUES ((SELECT COUNT(*) FROM dailyblessings.curriculum), '2024-11-11', 'Exodus', 9, 13, 35);
INSERT INTO dailyblessings.curriculum_questions (isFillInTheBlank, question, curriculumId, date) VALUES (False, 'What was the seventh plague?', (SELECT COUNT(*) FROM dailyblessings.curriculum), '2024-11-11');
INSERT INTO dailyblessings.curriculum_questions (isFillInTheBlank, question, curriculumId, date) VALUES (False, 'What did Pharoh do after this plague? Did he let this Isrealites go?', (SELECT COUNT(*) FROM dailyblessings.curriculum), '2024-11-11');
INSERT INTO dailyblessings.day (date, copticDate, feast) VALUES ('2024-11-12', 'Hatour 3 1741', 'The Martyrdom of St. Athanasius and His sister, Irene, St. Aghathon');
INSERT INTO dailyblessings.curriculum_day (curriculumId, date, book, chapter, lowerVerse, upperVerse) VALUES ((SELECT COUNT(*) FROM dailyblessings.curriculum), '2024-11-12', 'Exodus', 10, 1, 11);
INSERT INTO dailyblessings.curriculum_questions (isFillInTheBlank, question, curriculumId, date) VALUES (False, 'What did God say the next plague was going to be?', (SELECT COUNT(*) FROM dailyblessings.curriculum), '2024-11-12');
INSERT INTO dailyblessings.day (date, copticDate, feast) VALUES ('2024-11-13', 'Hatour 4 1741', 'The Martyrdom of Sts. John and James, Bishops of Persia');
INSERT INTO dailyblessings.curriculum_day (curriculumId, date, book, chapter, lowerVerse, upperVerse) VALUES ((SELECT COUNT(*) FROM dailyblessings.curriculum), '2024-11-13', 'Exodus', 10, 12, 29);
INSERT INTO dailyblessings.curriculum_questions (isFillInTheBlank, question, curriculumId, date) VALUES (False, 'What was the ninth plague?', (SELECT COUNT(*) FROM dailyblessings.curriculum), '2024-11-13');
INSERT INTO dailyblessings.curriculum_questions (isFillInTheBlank, question, curriculumId, date) VALUES (False, 'What did Pharoh allow the Isrealites to do?', (SELECT COUNT(*) FROM dailyblessings.curriculum), '2024-11-13');
INSERT INTO dailyblessings.day (date, copticDate, feast) VALUES ('2024-11-14', 'Hatour 5 1741', 'The Martyrdom of St. Timothy, the Deacon');
INSERT INTO dailyblessings.curriculum_day (curriculumId, date, book, chapter, lowerVerse, upperVerse) VALUES ((SELECT COUNT(*) FROM dailyblessings.curriculum), '2024-11-14', 'Exodus', 11, NULL, NULL);
INSERT INTO dailyblessings.curriculum_questions (isFillInTheBlank, question, curriculumId, date) VALUES (False, 'Why was their going to be a great cry in Egypt?', (SELECT COUNT(*) FROM dailyblessings.curriculum), '2024-11-14');
INSERT INTO dailyblessings.day (date, copticDate, feast) VALUES ('2024-11-15', 'Hatour 6 1741', '');
INSERT INTO dailyblessings.curriculum_day (curriculumId, date, book, chapter, lowerVerse, upperVerse) VALUES ((SELECT COUNT(*) FROM dailyblessings.curriculum), '2024-11-15', 'Exodus', 12, 1, 20);
INSERT INTO dailyblessings.curriculum_questions (isFillInTheBlank, question, curriculumId, date) VALUES (False, 'What did the Isrealites need to do to be saved from the strike of the firstborns?', (SELECT COUNT(*) FROM dailyblessings.curriculum), '2024-11-15');
INSERT INTO dailyblessings.day (date, copticDate, feast) VALUES ('2024-11-16', 'Hatour 7 1741', 'The Martyrdom of St. George, the Alexandrian ');
INSERT INTO dailyblessings.curriculum_day (curriculumId, date, book, chapter, lowerVerse, upperVerse) VALUES ((SELECT COUNT(*) FROM dailyblessings.curriculum), '2024-11-16', 'Exodus', 12, 21, 36);
INSERT INTO dailyblessings.curriculum_questions (isFillInTheBlank, question, curriculumId, date) VALUES (False, 'Write your favorite verse and what it means to you.', (SELECT COUNT(*) FROM dailyblessings.curriculum), '2024-11-16');
INSERT INTO dailyblessings.day (date, copticDate, feast) VALUES ('2024-11-17', 'Hatour 8 1741', '');
INSERT INTO dailyblessings.curriculum_day (curriculumId, date, book, chapter, lowerVerse, upperVerse) VALUES ((SELECT COUNT(*) FROM dailyblessings.curriculum), '2024-11-17', 'Exodus', 12, 37, 51);
INSERT INTO dailyblessings.curriculum_questions (isFillInTheBlank, question, curriculumId, date) VALUES (False, 'Why did the Isrealites take the bread unleavened?', (SELECT COUNT(*) FROM dailyblessings.curriculum), '2024-11-17');
INSERT INTO dailyblessings.curriculum_questions (isFillInTheBlank, question, curriculumId, date) VALUES (False, 'What happened to the Isrealites this Passover?', (SELECT COUNT(*) FROM dailyblessings.curriculum), '2024-11-17');
INSERT INTO dailyblessings.day (date, copticDate, feast) VALUES ('2024-11-18', 'Hatour 9 1741', 'The Assembly of the First Ecumenical Council at Nicea');
INSERT INTO dailyblessings.curriculum_day (curriculumId, date, book, chapter, lowerVerse, upperVerse) VALUES ((SELECT COUNT(*) FROM dailyblessings.curriculum), '2024-11-18', 'Exodus', 13, NULL, NULL);
INSERT INTO dailyblessings.curriculum_questions (isFillInTheBlank, question, curriculumId, date) VALUES (False, 'How many days will the eat unleavened bread?', (SELECT COUNT(*) FROM dailyblessings.curriculum), '2024-11-18');
INSERT INTO dailyblessings.curriculum_questions (isFillInTheBlank, question, curriculumId, date) VALUES (False, 'What was leading this Isrealites through the wilderness?', (SELECT COUNT(*) FROM dailyblessings.curriculum), '2024-11-18');
INSERT INTO dailyblessings.day (date, copticDate, feast) VALUES ('2024-11-19', 'Hatour 10 1741', 'The Martyrdom of the Fifty Virgins and their mother St. Sophia');
INSERT INTO dailyblessings.curriculum_day (curriculumId, date, book, chapter, lowerVerse, upperVerse) VALUES ((SELECT COUNT(*) FROM dailyblessings.curriculum), '2024-11-19', 'Exodus', 14, 1, 14);
INSERT INTO dailyblessings.curriculum_questions (isFillInTheBlank, question, curriculumId, date) VALUES (False, 'Who was behind the Isrealites when they reached the Red Sea?', (SELECT COUNT(*) FROM dailyblessings.curriculum), '2024-11-19');
INSERT INTO dailyblessings.curriculum_questions (isFillInTheBlank, question, curriculumId, date) VALUES (False, 'What did Moses tell those who were scared?', (SELECT COUNT(*) FROM dailyblessings.curriculum), '2024-11-19');
INSERT INTO dailyblessings.day (date, copticDate, feast) VALUES ('2024-11-20', 'Hatour 11 1741', 'The Departure of St. Anna (Hannah), the mother of the Holy Virgin St. Mary ');
INSERT INTO dailyblessings.curriculum_day (curriculumId, date, book, chapter, lowerVerse, upperVerse) VALUES ((SELECT COUNT(*) FROM dailyblessings.curriculum), '2024-11-20', 'Exodus', 14, 15, 31);
INSERT INTO dailyblessings.curriculum_questions (isFillInTheBlank, question, curriculumId, date) VALUES (False, 'What stood between the Isrealites and the Egyptians?', (SELECT COUNT(*) FROM dailyblessings.curriculum), '2024-11-20');
INSERT INTO dailyblessings.curriculum_questions (isFillInTheBlank, question, curriculumId, date) VALUES (False, 'What happened after the Isrealites crossed on dry land?', (SELECT COUNT(*) FROM dailyblessings.curriculum), '2024-11-20');
INSERT INTO dailyblessings.day (date, copticDate, feast) VALUES ('2024-11-21', 'Hatour 12 1741', '');
INSERT INTO dailyblessings.curriculum_day (curriculumId, date, book, chapter, lowerVerse, upperVerse) VALUES ((SELECT COUNT(*) FROM dailyblessings.curriculum), '2024-11-21', 'Exodus', 15, 1, 13);
INSERT INTO dailyblessings.curriculum_questions (isFillInTheBlank, question, curriculumId, date) VALUES (True, '''I will sing to the Lord, For He has _ gloriously! The horse and its _ He has thrown into the _!''', (SELECT COUNT(*) FROM dailyblessings.curriculum), '2024-11-21');
INSERT INTO dailyblessings.day (date, copticDate, feast) VALUES ('2024-11-22', 'Hatour 13 1741', '');
INSERT INTO dailyblessings.curriculum_day (curriculumId, date, book, chapter, lowerVerse, upperVerse) VALUES ((SELECT COUNT(*) FROM dailyblessings.curriculum), '2024-11-22', 'Exodus', 15, 14, 27);
INSERT INTO dailyblessings.curriculum_questions (isFillInTheBlank, question, curriculumId, date) VALUES (False, 'Why was the water undrinkable for the Isrealites?', (SELECT COUNT(*) FROM dailyblessings.curriculum), '2024-11-22');
INSERT INTO dailyblessings.curriculum_questions (isFillInTheBlank, question, curriculumId, date) VALUES (False, 'What did Moses do to satisfy their thirst?', (SELECT COUNT(*) FROM dailyblessings.curriculum), '2024-11-22');
INSERT INTO dailyblessings.day (date, copticDate, feast) VALUES ('2024-11-23', 'Hatour 14 1741', '');
INSERT INTO dailyblessings.curriculum_day (curriculumId, date, book, chapter, lowerVerse, upperVerse) VALUES ((SELECT COUNT(*) FROM dailyblessings.curriculum), '2024-11-23', 'Exodus', 16, 1, 21);
INSERT INTO dailyblessings.curriculum_questions (isFillInTheBlank, question, curriculumId, date) VALUES (False, 'Write your favorite verse and what it means to you.', (SELECT COUNT(*) FROM dailyblessings.curriculum), '2024-11-23');
INSERT INTO dailyblessings.day (date, copticDate, feast) VALUES ('2024-11-24', 'Hatour 15 1741', 'The Martyrdom of St. Mari-Mina, the Wonder Worker');
INSERT INTO dailyblessings.curriculum_day (curriculumId, date, book, chapter, lowerVerse, upperVerse) VALUES ((SELECT COUNT(*) FROM dailyblessings.curriculum), '2024-11-24', 'Exodus', 16, 22, 36);
INSERT INTO dailyblessings.curriculum_questions (isFillInTheBlank, question, curriculumId, date) VALUES (False, 'What happened to the bread that the people kept for the morning after?', (SELECT COUNT(*) FROM dailyblessings.curriculum), '2024-11-24');
INSERT INTO dailyblessings.day (date, copticDate, feast) VALUES ('2024-11-25', 'Hatour 16 1741', 'Start of The Holy Nativity Fast');
INSERT INTO dailyblessings.curriculum_day (curriculumId, date, book, chapter, lowerVerse, upperVerse) VALUES ((SELECT COUNT(*) FROM dailyblessings.curriculum), '2024-11-25', 'Exodus', 17, NULL, NULL);
INSERT INTO dailyblessings.curriculum_questions (isFillInTheBlank, question, curriculumId, date) VALUES (False, 'What did Moses do when the people said they were thirsty?', (SELECT COUNT(*) FROM dailyblessings.curriculum), '2024-11-25');
INSERT INTO dailyblessings.curriculum_questions (isFillInTheBlank, question, curriculumId, date) VALUES (False, 'How did the Isrealites win against the Amaleks?', (SELECT COUNT(*) FROM dailyblessings.curriculum), '2024-11-25');
INSERT INTO dailyblessings.day (date, copticDate, feast) VALUES ('2024-11-26', 'Hatour 17 1741', 'The Departure of St. John Chrysostom ');
INSERT INTO dailyblessings.curriculum_day (curriculumId, date, book, chapter, lowerVerse, upperVerse) VALUES ((SELECT COUNT(*) FROM dailyblessings.curriculum), '2024-11-26', 'Exodus', 18, 1, 12);
INSERT INTO dailyblessings.curriculum_questions (isFillInTheBlank, question, curriculumId, date) VALUES (False, 'What did Jethro do when he rejoiced for the Isrealites being released from Egypt?', (SELECT COUNT(*) FROM dailyblessings.curriculum), '2024-11-26');
INSERT INTO dailyblessings.day (date, copticDate, feast) VALUES ('2024-11-27', 'Hatour 18 1741', 'The Martyrdom of St. Philip the Apostle ');
INSERT INTO dailyblessings.curriculum_day (curriculumId, date, book, chapter, lowerVerse, upperVerse) VALUES ((SELECT COUNT(*) FROM dailyblessings.curriculum), '2024-11-27', 'Exodus', 18, 13, 27);
INSERT INTO dailyblessings.curriculum_questions (isFillInTheBlank, question, curriculumId, date) VALUES (False, 'When Moses was judging the people, why did Jethro say this was wrong?', (SELECT COUNT(*) FROM dailyblessings.curriculum), '2024-11-27');
INSERT INTO dailyblessings.curriculum_questions (isFillInTheBlank, question, curriculumId, date) VALUES (False, 'What did Moses do to help this issue?', (SELECT COUNT(*) FROM dailyblessings.curriculum), '2024-11-27');
INSERT INTO dailyblessings.day (date, copticDate, feast) VALUES ('2024-11-28', 'Hatour 19 1741', '');
INSERT INTO dailyblessings.curriculum_day (curriculumId, date, book, chapter, lowerVerse, upperVerse) VALUES ((SELECT COUNT(*) FROM dailyblessings.curriculum), '2024-11-28', 'Exodus', 19, NULL, NULL);
INSERT INTO dailyblessings.curriculum_questions (isFillInTheBlank, question, curriculumId, date) VALUES (False, 'How long have the Isrealites been in the wilderness at this point?', (SELECT COUNT(*) FROM dailyblessings.curriculum), '2024-11-28');
INSERT INTO dailyblessings.curriculum_questions (isFillInTheBlank, question, curriculumId, date) VALUES (False, 'Why was it that only Moses and Aaron could travel up Mount Sinai?', (SELECT COUNT(*) FROM dailyblessings.curriculum), '2024-11-28');
INSERT INTO dailyblessings.day (date, copticDate, feast) VALUES ('2024-11-29', 'Hatour 20 1741', '');
INSERT INTO dailyblessings.curriculum_day (curriculumId, date, book, chapter, lowerVerse, upperVerse) VALUES ((SELECT COUNT(*) FROM dailyblessings.curriculum), '2024-11-29', 'Exodus', 20, NULL, NULL);
INSERT INTO dailyblessings.curriculum_questions (isFillInTheBlank, question, curriculumId, date) VALUES (False, 'What is the first comandment given to Moses? The fifth?', (SELECT COUNT(*) FROM dailyblessings.curriculum), '2024-11-29');
INSERT INTO dailyblessings.curriculum_questions (isFillInTheBlank, question, curriculumId, date) VALUES (True, '''Do not fear; for God has come to _ you, and that His _may be before you, so that you may not _''', (SELECT COUNT(*) FROM dailyblessings.curriculum), '2024-11-29');
INSERT INTO dailyblessings.day (date, copticDate, feast) VALUES ('2024-11-30', 'Hatour 21 1741', 'The Commemoration of the Virgin St. Mary, the Theotokos, The Departure of St. Gregory, the Wonder Worker');
INSERT INTO dailyblessings.curriculum_day (curriculumId, date, book, chapter, lowerVerse, upperVerse) VALUES ((SELECT COUNT(*) FROM dailyblessings.curriculum), '2024-11-30', 'Exodus', 21, 1, 17);
INSERT INTO dailyblessings.curriculum_questions (isFillInTheBlank, question, curriculumId, date) VALUES (False, 'Write your favorite verse and what it means to you.', (SELECT COUNT(*) FROM dailyblessings.curriculum), '2024-11-30');
INSERT INTO dailyblessings.day (date, copticDate, feast) VALUES ('2024-12-1', 'Hatour 22 1741', '');
INSERT INTO dailyblessings.curriculum_day (curriculumId, date, book, chapter, lowerVerse, upperVerse) VALUES ((SELECT COUNT(*) FROM dailyblessings.curriculum), '2024-12-1', 'Exodus', 21, 18, 36);
INSERT INTO dailyblessings.curriculum_questions (isFillInTheBlank, question, curriculumId, date) VALUES (False, 'List some verses that state a sin and the punishment? ', (SELECT COUNT(*) FROM dailyblessings.curriculum), '2024-12-1');
INSERT INTO dailyblessings.curriculum_questions (isFillInTheBlank, question, curriculumId, date) VALUES (False, 'Do you think the death punishments are a literal death, or have another meaning?', (SELECT COUNT(*) FROM dailyblessings.curriculum), '2024-12-1');
INSERT INTO dailyblessings.day (date, copticDate, feast) VALUES ('2024-12-2', 'Hatour 23 1741', 'The Departure of St. Cornelius the Centurion');
INSERT INTO dailyblessings.curriculum_day (curriculumId, date, book, chapter, lowerVerse, upperVerse) VALUES ((SELECT COUNT(*) FROM dailyblessings.curriculum), '2024-12-2', 'Exodus', 22, 1, 14);
INSERT INTO dailyblessings.curriculum_questions (isFillInTheBlank, question, curriculumId, date) VALUES (False, 'What is the punishment for those who steal? ', (SELECT COUNT(*) FROM dailyblessings.curriculum), '2024-12-2');
INSERT INTO dailyblessings.curriculum_questions (isFillInTheBlank, question, curriculumId, date) VALUES (False, 'What does it mean to make restitution?', (SELECT COUNT(*) FROM dailyblessings.curriculum), '2024-12-2');
INSERT INTO dailyblessings.day (date, copticDate, feast) VALUES ('2024-12-3', 'Hatour 24 1741', 'The Commemoration of the Twenty-Four Presbyters');
INSERT INTO dailyblessings.curriculum_day (curriculumId, date, book, chapter, lowerVerse, upperVerse) VALUES ((SELECT COUNT(*) FROM dailyblessings.curriculum), '2024-12-3', 'Exodus', 22, 15, 30);
INSERT INTO dailyblessings.curriculum_questions (isFillInTheBlank, question, curriculumId, date) VALUES (False, 'What verse specifically mentions to not worship other gods? What are we told to not do when loaning people money (hint: verse 25)?', (SELECT COUNT(*) FROM dailyblessings.curriculum), '2024-12-3');
INSERT INTO dailyblessings.curriculum_questions (isFillInTheBlank, question, curriculumId, date) VALUES (False, 'What are we told to not do when loaning people money (hint: verse 25)?', (SELECT COUNT(*) FROM dailyblessings.curriculum), '2024-12-3');
INSERT INTO dailyblessings.day (date, copticDate, feast) VALUES ('2024-12-4', 'Hatour 25 1741', 'The Martyrdom of St. Mercurius Known as the Saint with the Two Swords');
INSERT INTO dailyblessings.curriculum_day (curriculumId, date, book, chapter, lowerVerse, upperVerse) VALUES ((SELECT COUNT(*) FROM dailyblessings.curriculum), '2024-12-4', 'Exodus', 23, 1, 19);
INSERT INTO dailyblessings.curriculum_questions (isFillInTheBlank, question, curriculumId, date) VALUES (False, 'What verse(s) is an example of the saying ''love your enemies?'' ', (SELECT COUNT(*) FROM dailyblessings.curriculum), '2024-12-4');
INSERT INTO dailyblessings.day (date, copticDate, feast) VALUES ('2024-12-5', 'Hatour 26 1741', '');
INSERT INTO dailyblessings.curriculum_day (curriculumId, date, book, chapter, lowerVerse, upperVerse) VALUES ((SELECT COUNT(*) FROM dailyblessings.curriculum), '2024-12-5', 'Exodus', 23, 20, 33);
INSERT INTO dailyblessings.curriculum_questions (isFillInTheBlank, question, curriculumId, date) VALUES (True, '''You shall not bow down to their gods, nor _ them, nor do according to their _ ; but you shall utterly overthrow them and completely break down their sacred _''', (SELECT COUNT(*) FROM dailyblessings.curriculum), '2024-12-5');
INSERT INTO dailyblessings.day (date, copticDate, feast) VALUES ('2024-12-6', 'Hatour 27 1741', 'The Martyrdom of St. James the Persian ');
INSERT INTO dailyblessings.curriculum_day (curriculumId, date, book, chapter, lowerVerse, upperVerse) VALUES ((SELECT COUNT(*) FROM dailyblessings.curriculum), '2024-12-6', 'Exodus', 24, NULL, NULL);
INSERT INTO dailyblessings.curriculum_questions (isFillInTheBlank, question, curriculumId, date) VALUES (False, 'Who did God call to worship Him?', (SELECT COUNT(*) FROM dailyblessings.curriculum), '2024-12-6');
INSERT INTO dailyblessings.curriculum_questions (isFillInTheBlank, question, curriculumId, date) VALUES (False, 'How long was Moses on the mountain?', (SELECT COUNT(*) FROM dailyblessings.curriculum), '2024-12-6');
INSERT INTO dailyblessings.day (date, copticDate, feast) VALUES ('2024-12-7', 'Hatour 28 1741', '');
INSERT INTO dailyblessings.curriculum_day (curriculumId, date, book, chapter, lowerVerse, upperVerse) VALUES ((SELECT COUNT(*) FROM dailyblessings.curriculum), '2024-12-7', 'Exodus', 25, 1, 22);
INSERT INTO dailyblessings.curriculum_questions (isFillInTheBlank, question, curriculumId, date) VALUES (False, 'Write your favorite verse and what it means to you.', (SELECT COUNT(*) FROM dailyblessings.curriculum), '2024-12-7');
INSERT INTO dailyblessings.day (date, copticDate, feast) VALUES ('2024-12-8', 'Hatour 29 1741', 'The Martyrdom of St. Catherine of Alexandria ');
INSERT INTO dailyblessings.curriculum_day (curriculumId, date, book, chapter, lowerVerse, upperVerse) VALUES ((SELECT COUNT(*) FROM dailyblessings.curriculum), '2024-12-8', 'Psalm', 10, NULL, NULL);
INSERT INTO dailyblessings.curriculum_questions (isFillInTheBlank, question, curriculumId, date) VALUES (False, 'What was your favorite verse and why?', (SELECT COUNT(*) FROM dailyblessings.curriculum), '2024-12-8');
INSERT INTO dailyblessings.day (date, copticDate, feast) VALUES ('2024-12-9', 'Hatour 30 1741', 'The Martyrdom of St. Macarius, Monk St. John El-Qalyuby');
INSERT INTO dailyblessings.curriculum_day (curriculumId, date, book, chapter, lowerVerse, upperVerse) VALUES ((SELECT COUNT(*) FROM dailyblessings.curriculum), '2024-12-9', 'Exodus', 26, 1, 14);
INSERT INTO dailyblessings.curriculum_questions (isFillInTheBlank, question, curriculumId, date) VALUES (False, 'What is surrounding the tabernacle?', (SELECT COUNT(*) FROM dailyblessings.curriculum), '2024-12-9');
INSERT INTO dailyblessings.curriculum_questions (isFillInTheBlank, question, curriculumId, date) VALUES (False, 'What color(s) did God say it should be?', (SELECT COUNT(*) FROM dailyblessings.curriculum), '2024-12-9');
INSERT INTO dailyblessings.day (date, copticDate, feast) VALUES ('2024-12-10', 'Kiahk 1 1741', '');
INSERT INTO dailyblessings.curriculum_day (curriculumId, date, book, chapter, lowerVerse, upperVerse) VALUES ((SELECT COUNT(*) FROM dailyblessings.curriculum), '2024-12-10', 'Exodus', 26, 15, 37);
INSERT INTO dailyblessings.curriculum_questions (isFillInTheBlank, question, curriculumId, date) VALUES (False, 'What wood is the tabernacle made of?', (SELECT COUNT(*) FROM dailyblessings.curriculum), '2024-12-10');
INSERT INTO dailyblessings.curriculum_questions (isFillInTheBlank, question, curriculumId, date) VALUES (False, 'What is overlaid on the wood?', (SELECT COUNT(*) FROM dailyblessings.curriculum), '2024-12-10');
INSERT INTO dailyblessings.day (date, copticDate, feast) VALUES ('2024-12-11', 'Kiahk 2 1741', '');
INSERT INTO dailyblessings.curriculum_day (curriculumId, date, book, chapter, lowerVerse, upperVerse) VALUES ((SELECT COUNT(*) FROM dailyblessings.curriculum), '2024-12-11', 'Exodus', 27, NULL, NULL);
INSERT INTO dailyblessings.curriculum_questions (isFillInTheBlank, question, curriculumId, date) VALUES (False, 'What meterial is used for the south side of the tabernacle?', (SELECT COUNT(*) FROM dailyblessings.curriculum), '2024-12-11');
INSERT INTO dailyblessings.curriculum_questions (isFillInTheBlank, question, curriculumId, date) VALUES (False, 'Who watched over the lampstand so that it continuously burns?', (SELECT COUNT(*) FROM dailyblessings.curriculum), '2024-12-11');
INSERT INTO dailyblessings.day (date, copticDate, feast) VALUES ('2024-12-12', 'Kiahk 3 1741', 'The Martyrdom of St. Bestavros, the New Martyr');
INSERT INTO dailyblessings.curriculum_day (curriculumId, date, book, chapter, lowerVerse, upperVerse) VALUES ((SELECT COUNT(*) FROM dailyblessings.curriculum), '2024-12-12', 'Exodus', 28, 1, 21);
INSERT INTO dailyblessings.curriculum_questions (isFillInTheBlank, question, curriculumId, date) VALUES (False, 'Who was chosen to be the priests?', (SELECT COUNT(*) FROM dailyblessings.curriculum), '2024-12-12');
INSERT INTO dailyblessings.curriculum_questions (isFillInTheBlank, question, curriculumId, date) VALUES (False, 'What color(s) of thread should be used for the ephod?', (SELECT COUNT(*) FROM dailyblessings.curriculum), '2024-12-12');
INSERT INTO dailyblessings.day (date, copticDate, feast) VALUES ('2024-12-13', 'Kiahk 4 1741', 'The Martyrdom of St. Andrew, One of the Twelve Apostles ');
INSERT INTO dailyblessings.curriculum_day (curriculumId, date, book, chapter, lowerVerse, upperVerse) VALUES ((SELECT COUNT(*) FROM dailyblessings.curriculum), '2024-12-13', 'Exodus', 28, 22, 43);
INSERT INTO dailyblessings.curriculum_questions (isFillInTheBlank, question, curriculumId, date) VALUES (True, '''So Aaron shall bear the names of the sons of Israel on the _ of judgment over his _, when he goes into the holy place, as a memorial before the Lord _''', (SELECT COUNT(*) FROM dailyblessings.curriculum), '2024-12-13');
INSERT INTO dailyblessings.curriculum_questions (isFillInTheBlank, question, curriculumId, date) VALUES (False, 'What was engraved on the plate of gold?', (SELECT COUNT(*) FROM dailyblessings.curriculum), '2024-12-13');
INSERT INTO dailyblessings.day (date, copticDate, feast) VALUES ('2024-12-14', 'Kiahk 5 1741', '');
INSERT INTO dailyblessings.curriculum_day (curriculumId, date, book, chapter, lowerVerse, upperVerse) VALUES ((SELECT COUNT(*) FROM dailyblessings.curriculum), '2024-12-14', 'Exodus', 29, 1, 21);
INSERT INTO dailyblessings.curriculum_questions (isFillInTheBlank, question, curriculumId, date) VALUES (False, 'Write your favorite verse and what it means to you.', (SELECT COUNT(*) FROM dailyblessings.curriculum), '2024-12-14');
INSERT INTO dailyblessings.day (date, copticDate, feast) VALUES ('2024-12-15', 'Kiahk 6 1741', '');
INSERT INTO dailyblessings.curriculum_day (curriculumId, date, book, chapter, lowerVerse, upperVerse) VALUES ((SELECT COUNT(*) FROM dailyblessings.curriculum), '2024-12-15', 'Exodus', 29, 22, 46);
INSERT INTO dailyblessings.curriculum_questions (isFillInTheBlank, question, curriculumId, date) VALUES (False, 'What should be done with the ram after it has been consecrated?', (SELECT COUNT(*) FROM dailyblessings.curriculum), '2024-12-15');
INSERT INTO dailyblessings.curriculum_questions (isFillInTheBlank, question, curriculumId, date) VALUES (False, 'What and when should be offered on the altar daily?', (SELECT COUNT(*) FROM dailyblessings.curriculum), '2024-12-15');
INSERT INTO dailyblessings.day (date, copticDate, feast) VALUES ('2024-12-16', 'Kiahk 7 1741', 'The Departure of St. Mettaos El-Fakhoury (Matthew the Poor)');
INSERT INTO dailyblessings.curriculum_day (curriculumId, date, book, chapter, lowerVerse, upperVerse) VALUES ((SELECT COUNT(*) FROM dailyblessings.curriculum), '2024-12-16', 'Exodus', 30, 1, 16);
INSERT INTO dailyblessings.curriculum_questions (isFillInTheBlank, question, curriculumId, date) VALUES (False, 'What incense should be offered on the altar?', (SELECT COUNT(*) FROM dailyblessings.curriculum), '2024-12-16');
INSERT INTO dailyblessings.curriculum_questions (isFillInTheBlank, question, curriculumId, date) VALUES (False, 'What should the Isrealites do as they are taking a census?', (SELECT COUNT(*) FROM dailyblessings.curriculum), '2024-12-16');
INSERT INTO dailyblessings.day (date, copticDate, feast) VALUES ('2024-12-17', 'Kiahk 8 1741', 'The Martyrdom of St. Esi and His Sister Thecla, Two Saints: Barbara and Juliana');
INSERT INTO dailyblessings.curriculum_day (curriculumId, date, book, chapter, lowerVerse, upperVerse) VALUES ((SELECT COUNT(*) FROM dailyblessings.curriculum), '2024-12-17', 'Exodus', 30, 17, 38);
INSERT INTO dailyblessings.curriculum_questions (isFillInTheBlank, question, curriculumId, date) VALUES (False, 'What spices are used in annointing oil?', (SELECT COUNT(*) FROM dailyblessings.curriculum), '2024-12-17');
INSERT INTO dailyblessings.day (date, copticDate, feast) VALUES ('2024-12-18', 'Kiahk 9 1741', '');
INSERT INTO dailyblessings.curriculum_day (curriculumId, date, book, chapter, lowerVerse, upperVerse) VALUES ((SELECT COUNT(*) FROM dailyblessings.curriculum), '2024-12-18', 'Exodus', 31, NULL, NULL);
INSERT INTO dailyblessings.curriculum_questions (isFillInTheBlank, question, curriculumId, date) VALUES (False, 'Why is the Sabbath, the seventh day, a day of rest?', (SELECT COUNT(*) FROM dailyblessings.curriculum), '2024-12-18');
INSERT INTO dailyblessings.day (date, copticDate, feast) VALUES ('2024-12-19', 'Kiahk 10 1741', '');
INSERT INTO dailyblessings.curriculum_day (curriculumId, date, book, chapter, lowerVerse, upperVerse) VALUES ((SELECT COUNT(*) FROM dailyblessings.curriculum), '2024-12-19', 'Exodus', 32, 1, 14);
INSERT INTO dailyblessings.curriculum_questions (isFillInTheBlank, question, curriculumId, date) VALUES (False, 'When Moses was on the mountain a long time, what did the people ask Aaron to do?', (SELECT COUNT(*) FROM dailyblessings.curriculum), '2024-12-19');
INSERT INTO dailyblessings.curriculum_questions (isFillInTheBlank, question, curriculumId, date) VALUES (False, 'When God was angry with the Isrealites, what did Moses do?', (SELECT COUNT(*) FROM dailyblessings.curriculum), '2024-12-19');
INSERT INTO dailyblessings.day (date, copticDate, feast) VALUES ('2024-12-20', 'Kiahk 11 1741', '');
INSERT INTO dailyblessings.curriculum_day (curriculumId, date, book, chapter, lowerVerse, upperVerse) VALUES ((SELECT COUNT(*) FROM dailyblessings.curriculum), '2024-12-20', 'Exodus', 32, 15, 35);
INSERT INTO dailyblessings.curriculum_questions (isFillInTheBlank, question, curriculumId, date) VALUES (False, 'What did Moses do when he saw the people dancing?', (SELECT COUNT(*) FROM dailyblessings.curriculum), '2024-12-20');
INSERT INTO dailyblessings.curriculum_questions (isFillInTheBlank, question, curriculumId, date) VALUES (False, 'What did Moses pray for? How did God respond?', (SELECT COUNT(*) FROM dailyblessings.curriculum), '2024-12-20');
INSERT INTO dailyblessings.day (date, copticDate, feast) VALUES ('2024-12-21', 'Kiahk 12 1741', 'The Departure of St. John the Confessor');
INSERT INTO dailyblessings.curriculum_day (curriculumId, date, book, chapter, lowerVerse, upperVerse) VALUES ((SELECT COUNT(*) FROM dailyblessings.curriculum), '2024-12-21', 'Exodus', 33, NULL, NULL);
INSERT INTO dailyblessings.curriculum_questions (isFillInTheBlank, question, curriculumId, date) VALUES (False, 'Write your favorite verse and what it means to you.', (SELECT COUNT(*) FROM dailyblessings.curriculum), '2024-12-21');
INSERT INTO dailyblessings.day (date, copticDate, feast) VALUES ('2024-12-22', 'Kiahk 13 1741', 'The Commemoration of the Honorable Archangel Raphael');
INSERT INTO dailyblessings.curriculum_day (curriculumId, date, book, chapter, lowerVerse, upperVerse) VALUES ((SELECT COUNT(*) FROM dailyblessings.curriculum), '2024-12-22', 'Exodus', 34, 1, 17);
INSERT INTO dailyblessings.curriculum_questions (isFillInTheBlank, question, curriculumId, date) VALUES (False, 'What did the Lord command Moses to do?', (SELECT COUNT(*) FROM dailyblessings.curriculum), '2024-12-22');
INSERT INTO dailyblessings.day (date, copticDate, feast) VALUES ('2024-12-23', 'Kiahk 14 1741', '');
INSERT INTO dailyblessings.curriculum_day (curriculumId, date, book, chapter, lowerVerse, upperVerse) VALUES ((SELECT COUNT(*) FROM dailyblessings.curriculum), '2024-12-23', 'Exodus', 34, 18, 35);
INSERT INTO dailyblessings.curriculum_questions (isFillInTheBlank, question, curriculumId, date) VALUES (False, 'Why is the Feast of Unleavened Bread during the month of Abib?', (SELECT COUNT(*) FROM dailyblessings.curriculum), '2024-12-23');
INSERT INTO dailyblessings.curriculum_questions (isFillInTheBlank, question, curriculumId, date) VALUES (False, 'What happened to Moses when he came down Mount Sinai?', (SELECT COUNT(*) FROM dailyblessings.curriculum), '2024-12-23');
INSERT INTO dailyblessings.day (date, copticDate, feast) VALUES ('2024-12-24', 'Kiahk 15 1741', 'The Departure of St. Gregory Patriarch of the Armenians');
INSERT INTO dailyblessings.curriculum_day (curriculumId, date, book, chapter, lowerVerse, upperVerse) VALUES ((SELECT COUNT(*) FROM dailyblessings.curriculum), '2024-12-24', 'Exodus', 35, 1, 19);
INSERT INTO dailyblessings.curriculum_questions (isFillInTheBlank, question, curriculumId, date) VALUES (False, 'List some of the articles within the tabernacle?', (SELECT COUNT(*) FROM dailyblessings.curriculum), '2024-12-24');
INSERT INTO dailyblessings.day (date, copticDate, feast) VALUES ('2024-12-25', 'Kiahk 16 1741', 'The Departure of the Righteous Gideon, One of the Judges of Israel');
INSERT INTO dailyblessings.curriculum_day (curriculumId, date, book, chapter, lowerVerse, upperVerse) VALUES ((SELECT COUNT(*) FROM dailyblessings.curriculum), '2024-12-25', 'Exodus', 35, 20, 35);
INSERT INTO dailyblessings.curriculum_questions (isFillInTheBlank, question, curriculumId, date) VALUES (False, 'What were some of the offerings people brought to the tabernacle?', (SELECT COUNT(*) FROM dailyblessings.curriculum), '2024-12-25');
INSERT INTO dailyblessings.day (date, copticDate, feast) VALUES ('2024-12-26', 'Kiahk 17 1741', '');
INSERT INTO dailyblessings.curriculum_day (curriculumId, date, book, chapter, lowerVerse, upperVerse) VALUES ((SELECT COUNT(*) FROM dailyblessings.curriculum), '2024-12-26', 'Psalm', 25, NULL, NULL);
INSERT INTO dailyblessings.curriculum_questions (isFillInTheBlank, question, curriculumId, date) VALUES (False, 'What was your favorite verse and why?', (SELECT COUNT(*) FROM dailyblessings.curriculum), '2024-12-26');
INSERT INTO dailyblessings.day (date, copticDate, feast) VALUES ('2024-12-27', 'Kiahk 18 1741', '');
INSERT INTO dailyblessings.curriculum_day (curriculumId, date, book, chapter, lowerVerse, upperVerse) VALUES ((SELECT COUNT(*) FROM dailyblessings.curriculum), '2024-12-27', 'Psalm', 26, NULL, NULL);
INSERT INTO dailyblessings.curriculum_questions (isFillInTheBlank, question, curriculumId, date) VALUES (False, 'What was your favorite verse and why?', (SELECT COUNT(*) FROM dailyblessings.curriculum), '2024-12-27');
INSERT INTO dailyblessings.day (date, copticDate, feast) VALUES ('2024-12-28', 'Kiahk 19 1741', '');
INSERT INTO dailyblessings.curriculum_day (curriculumId, date, book, chapter, lowerVerse, upperVerse) VALUES ((SELECT COUNT(*) FROM dailyblessings.curriculum), '2024-12-28', 'Exodus', 37, NULL, NULL);
INSERT INTO dailyblessings.curriculum_questions (isFillInTheBlank, question, curriculumId, date) VALUES (False, 'Write your favorite verse and what it means to you.', (SELECT COUNT(*) FROM dailyblessings.curriculum), '2024-12-28');
INSERT INTO dailyblessings.day (date, copticDate, feast) VALUES ('2024-12-29', 'Kiahk 20 1741', 'The Departure of Haggai the Prophet');
INSERT INTO dailyblessings.curriculum_day (curriculumId, date, book, chapter, lowerVerse, upperVerse) VALUES ((SELECT COUNT(*) FROM dailyblessings.curriculum), '2024-12-29', 'Exodus', 38, 1, 20);
INSERT INTO dailyblessings.curriculum_questions (isFillInTheBlank, question, curriculumId, date) VALUES (False, 'What was hanging on the West side of the tabernacle?', (SELECT COUNT(*) FROM dailyblessings.curriculum), '2024-12-29');
INSERT INTO dailyblessings.day (date, copticDate, feast) VALUES ('2024-12-30', 'Kiahk 21 1741', 'The Commemoration of the Pure Virgin St.Mary, the Theotokos, The Martyrdom of St. Barnabas, One of the Seventy Apostles');
INSERT INTO dailyblessings.curriculum_day (curriculumId, date, book, chapter, lowerVerse, upperVerse) VALUES ((SELECT COUNT(*) FROM dailyblessings.curriculum), '2024-12-30', 'Psalm', 33, NULL, NULL);
INSERT INTO dailyblessings.curriculum_questions (isFillInTheBlank, question, curriculumId, date) VALUES (False, 'What was your favorite verse and why?', (SELECT COUNT(*) FROM dailyblessings.curriculum), '2024-12-30');
INSERT INTO dailyblessings.day (date, copticDate, feast) VALUES ('2024-12-31', 'Kiahk 22 1741', 'The Commemoration of the Honorable Archangel Gabriel, the Announcer');
INSERT INTO dailyblessings.curriculum_day (curriculumId, date, book, chapter, lowerVerse, upperVerse) VALUES ((SELECT COUNT(*) FROM dailyblessings.curriculum), '2024-12-31', 'Psalm', 36, NULL, NULL);
INSERT INTO dailyblessings.curriculum_questions (isFillInTheBlank, question, curriculumId, date) VALUES (False, 'What was your favorite verse and why?', (SELECT COUNT(*) FROM dailyblessings.curriculum), '2024-12-31');
INSERT INTO dailyblessings.day (date, copticDate, feast) VALUES ('2025-1-1', 'Kiahk 23 1741', 'The Departure of David, the Prophet and King, St. Timothy, the Anchorite');
INSERT INTO dailyblessings.curriculum_day (curriculumId, date, book, chapter, lowerVerse, upperVerse) VALUES ((SELECT COUNT(*) FROM dailyblessings.curriculum), '2025-1-1', 'Exodus', 40, 1, 21);
INSERT INTO dailyblessings.curriculum_questions (isFillInTheBlank, question, curriculumId, date) VALUES (False, 'What should Aaron and his son''s do before entering the tabernacle?', (SELECT COUNT(*) FROM dailyblessings.curriculum), '2025-1-1');
INSERT INTO dailyblessings.day (date, copticDate, feast) VALUES ('2025-1-2', 'Kiahk 24 1741', 'The Departure of St. Ignatius, Theophorus, Patriarch of Antioch');
INSERT INTO dailyblessings.curriculum_day (curriculumId, date, book, chapter, lowerVerse, upperVerse) VALUES ((SELECT COUNT(*) FROM dailyblessings.curriculum), '2025-1-2', 'Exodus', 40, 22, 38);
INSERT INTO dailyblessings.curriculum_questions (isFillInTheBlank, question, curriculumId, date) VALUES (False, 'Where was the lampstand placed?', (SELECT COUNT(*) FROM dailyblessings.curriculum), '2025-1-2');
INSERT INTO dailyblessings.curriculum_questions (isFillInTheBlank, question, curriculumId, date) VALUES (False, 'When could the priest enter the tabernacle?', (SELECT COUNT(*) FROM dailyblessings.curriculum), '2025-1-2');
INSERT INTO dailyblessings.day (date, copticDate, feast) VALUES ('2025-1-3', 'Kiahk 25 1741', '');
INSERT INTO dailyblessings.curriculum_day (curriculumId, date, book, chapter, lowerVerse, upperVerse) VALUES ((SELECT COUNT(*) FROM dailyblessings.curriculum), '2025-1-3', 'Psalm', 40, NULL, NULL);
INSERT INTO dailyblessings.curriculum_questions (isFillInTheBlank, question, curriculumId, date) VALUES (False, 'What was your favorite verse and why?', (SELECT COUNT(*) FROM dailyblessings.curriculum), '2025-1-3');
INSERT INTO dailyblessings.day (date, copticDate, feast) VALUES ('2025-1-4', 'Kiahk 26 1741', 'The Martyrdom of St. Anastasia');
INSERT INTO dailyblessings.curriculum_day (curriculumId, date, book, chapter, lowerVerse, upperVerse) VALUES ((SELECT COUNT(*) FROM dailyblessings.curriculum), '2025-1-4', 'James', 1, NULL, NULL);
INSERT INTO dailyblessings.curriculum_questions (isFillInTheBlank, question, curriculumId, date) VALUES (False, 'Write your favorite verse and what it means to you.', (SELECT COUNT(*) FROM dailyblessings.curriculum), '2025-1-4');
INSERT INTO dailyblessings.day (date, copticDate, feast) VALUES ('2025-1-5', 'Kiahk 27 1741', '');
INSERT INTO dailyblessings.curriculum_day (curriculumId, date, book, chapter, lowerVerse, upperVerse) VALUES ((SELECT COUNT(*) FROM dailyblessings.curriculum), '2025-1-5', 'James', 2, NULL, NULL);
INSERT INTO dailyblessings.curriculum_questions (isFillInTheBlank, question, curriculumId, date) VALUES (False, 'What does James mean when he says we should not have faith with partiality?', (SELECT COUNT(*) FROM dailyblessings.curriculum), '2025-1-5');
INSERT INTO dailyblessings.curriculum_questions (isFillInTheBlank, question, curriculumId, date) VALUES (True, '''For judgment is without _ to the one who has shown _ Mercy _ over judgment''', (SELECT COUNT(*) FROM dailyblessings.curriculum), '2025-1-5');
INSERT INTO dailyblessings.day (date, copticDate, feast) VALUES ('2025-1-6', 'Kiahk 28 1741', 'The Holy Nativity Fast');
INSERT INTO dailyblessings.curriculum_day (curriculumId, date, book, chapter, lowerVerse, upperVerse) VALUES ((SELECT COUNT(*) FROM dailyblessings.curriculum), '2025-1-6', 'James', 3, NULL, NULL);
INSERT INTO dailyblessings.curriculum_questions (isFillInTheBlank, question, curriculumId, date) VALUES (False, 'What does this verse mean, ''But no man can tame the tongue. It is an unruly evil, full of deadly poison. With it we bless our God and Father, and with it we curse men, who have been made in the similtude of God.''', (SELECT COUNT(*) FROM dailyblessings.curriculum), '2025-1-6');
INSERT INTO dailyblessings.curriculum_questions (isFillInTheBlank, question, curriculumId, date) VALUES (False, 'What is James saying we should be careful of becoming? Why?', (SELECT COUNT(*) FROM dailyblessings.curriculum), '2025-1-6');
INSERT INTO dailyblessings.day (date, copticDate, feast) VALUES ('2025-1-7', 'Kiahk 29 1741', 'The Holy Nativity Feast');
INSERT INTO dailyblessings.curriculum_day (curriculumId, date, book, chapter, lowerVerse, upperVerse) VALUES ((SELECT COUNT(*) FROM dailyblessings.curriculum), '2025-1-7', 'James', 4, NULL, NULL);
INSERT INTO dailyblessings.curriculum_questions (isFillInTheBlank, question, curriculumId, date) VALUES (False, 'What does God resist? What does He give to the humble?', (SELECT COUNT(*) FROM dailyblessings.curriculum), '2025-1-7');
INSERT INTO dailyblessings.curriculum_questions (isFillInTheBlank, question, curriculumId, date) VALUES (False, 'James tells us that tomorrow is not guaranteed. What does he compare our lives to?', (SELECT COUNT(*) FROM dailyblessings.curriculum), '2025-1-7');
INSERT INTO dailyblessings.day (date, copticDate, feast) VALUES ('2025-1-8', 'Kiahk 30 1741', '');
INSERT INTO dailyblessings.curriculum_day (curriculumId, date, book, chapter, lowerVerse, upperVerse) VALUES ((SELECT COUNT(*) FROM dailyblessings.curriculum), '2025-1-8', 'James', 5, NULL, NULL);
INSERT INTO dailyblessings.curriculum_questions (isFillInTheBlank, question, curriculumId, date) VALUES (True, '''You also be _ Establish your _, for the coming of the Lord is at _''', (SELECT COUNT(*) FROM dailyblessings.curriculum), '2025-1-8');
INSERT INTO dailyblessings.curriculum_questions (isFillInTheBlank, question, curriculumId, date) VALUES (False, 'What should we do if someone is suffering? Cheeful? Sick?', (SELECT COUNT(*) FROM dailyblessings.curriculum), '2025-1-8');
INSERT INTO dailyblessings.day (date, copticDate, feast) VALUES ('2025-1-9', 'Toba 1 1741', 'The Martyrdom of St. Stephen the Archdeacon');
INSERT INTO dailyblessings.curriculum_day (curriculumId, date, book, chapter, lowerVerse, upperVerse) VALUES ((SELECT COUNT(*) FROM dailyblessings.curriculum), '2025-1-9', 'Psalm', 84, NULL, NULL);
INSERT INTO dailyblessings.curriculum_questions (isFillInTheBlank, question, curriculumId, date) VALUES (False, 'What was your favorite verse and why?', (SELECT COUNT(*) FROM dailyblessings.curriculum), '2025-1-9');
INSERT INTO dailyblessings.day (date, copticDate, feast) VALUES ('2025-1-10', 'Toba 2 1741', '');
INSERT INTO dailyblessings.curriculum_day (curriculumId, date, book, chapter, lowerVerse, upperVerse) VALUES ((SELECT COUNT(*) FROM dailyblessings.curriculum), '2025-1-10', 'Psalm', 95, NULL, NULL);
INSERT INTO dailyblessings.curriculum_questions (isFillInTheBlank, question, curriculumId, date) VALUES (False, 'What was your favorite verse and why?', (SELECT COUNT(*) FROM dailyblessings.curriculum), '2025-1-10');
INSERT INTO dailyblessings.day (date, copticDate, feast) VALUES ('2025-1-11', 'Toba 3 1741', 'The Martyrdom of the Children of Bethlehem ');
INSERT INTO dailyblessings.curriculum_day (curriculumId, date, book, chapter, lowerVerse, upperVerse) VALUES ((SELECT COUNT(*) FROM dailyblessings.curriculum), '2025-1-11', 'Psalm', 96, NULL, NULL);
INSERT INTO dailyblessings.curriculum_questions (isFillInTheBlank, question, curriculumId, date) VALUES (False, 'What was your favorite verse and why?', (SELECT COUNT(*) FROM dailyblessings.curriculum), '2025-1-11');
INSERT INTO dailyblessings.day (date, copticDate, feast) VALUES ('2025-1-12', 'Toba 4 1741', 'The Departure of St. John the Evangelist ');
INSERT INTO dailyblessings.curriculum_day (curriculumId, date, book, chapter, lowerVerse, upperVerse) VALUES ((SELECT COUNT(*) FROM dailyblessings.curriculum), '2025-1-12', 'Psalm', 98, NULL, NULL);
INSERT INTO dailyblessings.curriculum_questions (isFillInTheBlank, question, curriculumId, date) VALUES (False, 'What was your favorite verse and why?', (SELECT COUNT(*) FROM dailyblessings.curriculum), '2025-1-12');
INSERT INTO dailyblessings.day (date, copticDate, feast) VALUES ('2025-1-13', 'Toba 5 1741', '');
INSERT INTO dailyblessings.curriculum_day (curriculumId, date, book, chapter, lowerVerse, upperVerse) VALUES ((SELECT COUNT(*) FROM dailyblessings.curriculum), '2025-1-13', 'Joshua', 1, NULL, NULL);
INSERT INTO dailyblessings.curriculum_questions (isFillInTheBlank, question, curriculumId, date) VALUES (False, 'What did the Lord tell Joshua he will do for him? (hint: the Lord said he did the same thing with Moses)', (SELECT COUNT(*) FROM dailyblessings.curriculum), '2025-1-13');
INSERT INTO dailyblessings.curriculum_questions (isFillInTheBlank, question, curriculumId, date) VALUES (False, 'Did the people obey the Lord''s commands, which were told by Joshua?', (SELECT COUNT(*) FROM dailyblessings.curriculum), '2025-1-13');
INSERT INTO dailyblessings.day (date, copticDate, feast) VALUES ('2025-1-14', 'Toba 6 1741', 'The Circumcision Feast');
INSERT INTO dailyblessings.curriculum_day (curriculumId, date, book, chapter, lowerVerse, upperVerse) VALUES ((SELECT COUNT(*) FROM dailyblessings.curriculum), '2025-1-14', 'Joshua', 2, NULL, NULL);
INSERT INTO dailyblessings.curriculum_questions (isFillInTheBlank, question, curriculumId, date) VALUES (False, 'How did Rahab help the two men from Acacia Grove?', (SELECT COUNT(*) FROM dailyblessings.curriculum), '2025-1-14');
INSERT INTO dailyblessings.curriculum_questions (isFillInTheBlank, question, curriculumId, date) VALUES (False, 'What did Rahab request from the men in return for helping them?', (SELECT COUNT(*) FROM dailyblessings.curriculum), '2025-1-14');
INSERT INTO dailyblessings.day (date, copticDate, feast) VALUES ('2025-1-15', 'Toba 7 1741', '');
INSERT INTO dailyblessings.curriculum_day (curriculumId, date, book, chapter, lowerVerse, upperVerse) VALUES ((SELECT COUNT(*) FROM dailyblessings.curriculum), '2025-1-15', 'Joshua', 3, NULL, NULL);
INSERT INTO dailyblessings.curriculum_questions (isFillInTheBlank, question, curriculumId, date) VALUES (False, 'Where did Joshua and the children of Israel travel to?', (SELECT COUNT(*) FROM dailyblessings.curriculum), '2025-1-15');
INSERT INTO dailyblessings.curriculum_questions (isFillInTheBlank, question, curriculumId, date) VALUES (False, 'What happened to the 12 men that were chosen from each tribe?', (SELECT COUNT(*) FROM dailyblessings.curriculum), '2025-1-15');
INSERT INTO dailyblessings.day (date, copticDate, feast) VALUES ('2025-1-16', 'Toba 8 1741', '');
INSERT INTO dailyblessings.curriculum_day (curriculumId, date, book, chapter, lowerVerse, upperVerse) VALUES ((SELECT COUNT(*) FROM dailyblessings.curriculum), '2025-1-16', 'Joshua', 4, NULL, NULL);
INSERT INTO dailyblessings.curriculum_questions (isFillInTheBlank, question, curriculumId, date) VALUES (False, 'What is the significance of the stones that were moved to the lodging place?', (SELECT COUNT(*) FROM dailyblessings.curriculum), '2025-1-16');
INSERT INTO dailyblessings.curriculum_questions (isFillInTheBlank, question, curriculumId, date) VALUES (False, 'What happened to the Jordan waters once the priests stepped on land?', (SELECT COUNT(*) FROM dailyblessings.curriculum), '2025-1-16');
INSERT INTO dailyblessings.day (date, copticDate, feast) VALUES ('2025-1-17', 'Toba 9 1741', '');
INSERT INTO dailyblessings.curriculum_day (curriculumId, date, book, chapter, lowerVerse, upperVerse) VALUES ((SELECT COUNT(*) FROM dailyblessings.curriculum), '2025-1-17', 'Joshua', 5, NULL, NULL);
INSERT INTO dailyblessings.curriculum_questions (isFillInTheBlank, question, curriculumId, date) VALUES (False, 'What did the Lord command to Joshua in regards to circumcision?', (SELECT COUNT(*) FROM dailyblessings.curriculum), '2025-1-17');
INSERT INTO dailyblessings.curriculum_questions (isFillInTheBlank, question, curriculumId, date) VALUES (False, 'What did the commander of the army of the Lord tell Joshua at the end of the chapter?', (SELECT COUNT(*) FROM dailyblessings.curriculum), '2025-1-17');
INSERT INTO dailyblessings.day (date, copticDate, feast) VALUES ('2025-1-18', 'Toba 10 1741', 'Paramouni of the Honorable Theophany Feast (Epiphany)');
INSERT INTO dailyblessings.curriculum_day (curriculumId, date, book, chapter, lowerVerse, upperVerse) VALUES ((SELECT COUNT(*) FROM dailyblessings.curriculum), '2025-1-18', 'Joshua', 6, 1, 25);
INSERT INTO dailyblessings.curriculum_questions (isFillInTheBlank, question, curriculumId, date) VALUES (False, 'Write your favorite verse and what it means to you.', (SELECT COUNT(*) FROM dailyblessings.curriculum), '2025-1-18');
INSERT INTO dailyblessings.day (date, copticDate, feast) VALUES ('2025-1-19', 'Toba 11 1741', 'The Holy Epiphany (Baptism of the Lord Christ)');
INSERT INTO dailyblessings.curriculum_day (curriculumId, date, book, chapter, lowerVerse, upperVerse) VALUES ((SELECT COUNT(*) FROM dailyblessings.curriculum), '2025-1-19', 'Joshua', 7, NULL, NULL);
INSERT INTO dailyblessings.curriculum_questions (isFillInTheBlank, question, curriculumId, date) VALUES (False, 'What happened to Achan as his punishment?', (SELECT COUNT(*) FROM dailyblessings.curriculum), '2025-1-19');
INSERT INTO dailyblessings.day (date, copticDate, feast) VALUES ('2025-1-20', 'Toba 12 1741', 'The Second day of the feast of Holy Theophany, Commemoration of the Honorable Archangel Michael');
INSERT INTO dailyblessings.curriculum_day (curriculumId, date, book, chapter, lowerVerse, upperVerse) VALUES ((SELECT COUNT(*) FROM dailyblessings.curriculum), '2025-1-20', 'Joshua', 8, 1, 25);
INSERT INTO dailyblessings.curriculum_questions (isFillInTheBlank, question, curriculumId, date) VALUES (True, '''And it will be, when you have _ the city, that you shall set the city on _''', (SELECT COUNT(*) FROM dailyblessings.curriculum), '2025-1-20');
INSERT INTO dailyblessings.curriculum_questions (isFillInTheBlank, question, curriculumId, date) VALUES (False, 'What happened to the king of Ai', (SELECT COUNT(*) FROM dailyblessings.curriculum), '2025-1-20');
INSERT INTO dailyblessings.day (date, copticDate, feast) VALUES ('2025-1-21', 'Toba 13 1741', 'Feast of the Wedding of Cana of Galilee, Martyrdom of St.Demiana');
INSERT INTO dailyblessings.curriculum_day (curriculumId, date, book, chapter, lowerVerse, upperVerse) VALUES ((SELECT COUNT(*) FROM dailyblessings.curriculum), '2025-1-21', 'Joshua', 9, NULL, NULL);
INSERT INTO dailyblessings.curriculum_questions (isFillInTheBlank, question, curriculumId, date) VALUES (False, 'What did the inhabitants of Gibeon do when they heard about Joshua and what happened at Jericho and Ai?', (SELECT COUNT(*) FROM dailyblessings.curriculum), '2025-1-21');
INSERT INTO dailyblessings.curriculum_questions (isFillInTheBlank, question, curriculumId, date) VALUES (False, 'What was their punishment for lying about their identity?', (SELECT COUNT(*) FROM dailyblessings.curriculum), '2025-1-21');
INSERT INTO dailyblessings.day (date, copticDate, feast) VALUES ('2025-1-22', 'Toba 14 1741', '');
INSERT INTO dailyblessings.curriculum_day (curriculumId, date, book, chapter, lowerVerse, upperVerse) VALUES ((SELECT COUNT(*) FROM dailyblessings.curriculum), '2025-1-22', 'Joshua', 10, 1, 27);
INSERT INTO dailyblessings.curriculum_questions (isFillInTheBlank, question, curriculumId, date) VALUES (False, 'What natural disaster took place that killed the Amorites?', (SELECT COUNT(*) FROM dailyblessings.curriculum), '2025-1-22');
INSERT INTO dailyblessings.curriculum_questions (isFillInTheBlank, question, curriculumId, date) VALUES (False, 'What happened to the five kings?', (SELECT COUNT(*) FROM dailyblessings.curriculum), '2025-1-22');
INSERT INTO dailyblessings.day (date, copticDate, feast) VALUES ('2025-1-23', 'Toba 15 1741', 'The Departure of Obadiah, the Prophet');
INSERT INTO dailyblessings.curriculum_day (curriculumId, date, book, chapter, lowerVerse, upperVerse) VALUES ((SELECT COUNT(*) FROM dailyblessings.curriculum), '2025-1-23', 'Joshua', 11, NULL, NULL);
INSERT INTO dailyblessings.curriculum_questions (isFillInTheBlank, question, curriculumId, date) VALUES (False, 'Why did the city of Hazor get burned?', (SELECT COUNT(*) FROM dailyblessings.curriculum), '2025-1-23');
INSERT INTO dailyblessings.curriculum_questions (isFillInTheBlank, question, curriculumId, date) VALUES (False, 'Who were the only people that made peace with the children of Israel?', (SELECT COUNT(*) FROM dailyblessings.curriculum), '2025-1-23');
INSERT INTO dailyblessings.day (date, copticDate, feast) VALUES ('2025-1-24', 'Toba 16 1741', 'The Martyrdom of St.Philotheus');
INSERT INTO dailyblessings.curriculum_day (curriculumId, date, book, chapter, lowerVerse, upperVerse) VALUES ((SELECT COUNT(*) FROM dailyblessings.curriculum), '2025-1-24', 'Joshua', 12, NULL, NULL);
INSERT INTO dailyblessings.curriculum_questions (isFillInTheBlank, question, curriculumId, date) VALUES (False, 'How many kings total did Joshua and the children of Israel conquer on the west side of the Jordan?', (SELECT COUNT(*) FROM dailyblessings.curriculum), '2025-1-24');
INSERT INTO dailyblessings.day (date, copticDate, feast) VALUES ('2025-1-25', 'Toba 17 1741', '');
INSERT INTO dailyblessings.curriculum_day (curriculumId, date, book, chapter, lowerVerse, upperVerse) VALUES ((SELECT COUNT(*) FROM dailyblessings.curriculum), '2025-1-25', 'Joshua', 13, NULL, NULL);
INSERT INTO dailyblessings.curriculum_questions (isFillInTheBlank, question, curriculumId, date) VALUES (False, 'Write your favorite verse and what it means to you.', (SELECT COUNT(*) FROM dailyblessings.curriculum), '2025-1-25');
INSERT INTO dailyblessings.day (date, copticDate, feast) VALUES ('2025-1-26', 'Toba 18 1741', 'The Departure of St.James, Bishop of Nisibis');
INSERT INTO dailyblessings.curriculum_day (curriculumId, date, book, chapter, lowerVerse, upperVerse) VALUES ((SELECT COUNT(*) FROM dailyblessings.curriculum), '2025-1-26', 'Joshua', 14, NULL, NULL);
INSERT INTO dailyblessings.curriculum_questions (isFillInTheBlank, question, curriculumId, date) VALUES (False, 'What was the only thing the Levites recieved?', (SELECT COUNT(*) FROM dailyblessings.curriculum), '2025-1-26');
INSERT INTO dailyblessings.curriculum_questions (isFillInTheBlank, question, curriculumId, date) VALUES (False, 'What did Caleb do during the time of Moses?', (SELECT COUNT(*) FROM dailyblessings.curriculum), '2025-1-26');
INSERT INTO dailyblessings.day (date, copticDate, feast) VALUES ('2025-1-27', 'Toba 19 1741', '');
INSERT INTO dailyblessings.curriculum_day (curriculumId, date, book, chapter, lowerVerse, upperVerse) VALUES ((SELECT COUNT(*) FROM dailyblessings.curriculum), '2025-1-27', 'Joshua', 15, NULL, NULL);
INSERT INTO dailyblessings.curriculum_questions (isFillInTheBlank, question, curriculumId, date) VALUES (False, 'What did Caleb state was the condition to recieve his daughter, Achsah?', (SELECT COUNT(*) FROM dailyblessings.curriculum), '2025-1-27');
INSERT INTO dailyblessings.curriculum_questions (isFillInTheBlank, question, curriculumId, date) VALUES (False, 'Who took Caleb''s daughter?', (SELECT COUNT(*) FROM dailyblessings.curriculum), '2025-1-27');
INSERT INTO dailyblessings.day (date, copticDate, feast) VALUES ('2025-1-28', 'Toba 20 1741', '');
INSERT INTO dailyblessings.curriculum_day (curriculumId, date, book, chapter, lowerVerse, upperVerse) VALUES ((SELECT COUNT(*) FROM dailyblessings.curriculum), '2025-1-28', 'Joshua', 16, NULL, NULL);
INSERT INTO dailyblessings.curriculum_questions (isFillInTheBlank, question, curriculumId, date) VALUES (False, 'Where did the Canaanites dwell?', (SELECT COUNT(*) FROM dailyblessings.curriculum), '2025-1-28');
INSERT INTO dailyblessings.day (date, copticDate, feast) VALUES ('2025-1-29', 'Toba 21 1741', 'The Departure of the Virgin St.Mary, the Mother of God, St.Hilaria the daughter of Emperor Zeno');
INSERT INTO dailyblessings.curriculum_day (curriculumId, date, book, chapter, lowerVerse, upperVerse) VALUES ((SELECT COUNT(*) FROM dailyblessings.curriculum), '2025-1-29', 'Joshua', 17, NULL, NULL);
INSERT INTO dailyblessings.curriculum_questions (isFillInTheBlank, question, curriculumId, date) VALUES (False, 'What did the children of Israel do to the Canaanites in an attempt to drive them out?', (SELECT COUNT(*) FROM dailyblessings.curriculum), '2025-1-29');
INSERT INTO dailyblessings.curriculum_questions (isFillInTheBlank, question, curriculumId, date) VALUES (False, 'What did Joshua tell the children of Joseph in response to them stating they have little land?', (SELECT COUNT(*) FROM dailyblessings.curriculum), '2025-1-29');
INSERT INTO dailyblessings.day (date, copticDate, feast) VALUES ('2025-1-30', 'Toba 22 1741', 'The Departure of the Great St.Anba Anthony the Father of all Monks');
INSERT INTO dailyblessings.curriculum_day (curriculumId, date, book, chapter, lowerVerse, upperVerse) VALUES ((SELECT COUNT(*) FROM dailyblessings.curriculum), '2025-1-30', 'Joshua', 18, NULL, NULL);
INSERT INTO dailyblessings.curriculum_questions (isFillInTheBlank, question, curriculumId, date) VALUES (False, 'How many tribes did not recieve their inheritance when the children of Israel gathered at Shiloh?', (SELECT COUNT(*) FROM dailyblessings.curriculum), '2025-1-30');
INSERT INTO dailyblessings.curriculum_questions (isFillInTheBlank, question, curriculumId, date) VALUES (False, 'What did Joshua command from the men in terms of recieving land?', (SELECT COUNT(*) FROM dailyblessings.curriculum), '2025-1-30');
INSERT INTO dailyblessings.day (date, copticDate, feast) VALUES ('2025-1-31', 'Toba 23 1741', 'The Martyrdom of St.Timothy the Apostle');
INSERT INTO dailyblessings.curriculum_day (curriculumId, date, book, chapter, lowerVerse, upperVerse) VALUES ((SELECT COUNT(*) FROM dailyblessings.curriculum), '2025-1-31', 'Joshua', 19, 1, 22);
INSERT INTO dailyblessings.curriculum_questions (isFillInTheBlank, question, curriculumId, date) VALUES (True, '''The inheritance of the children of _ was included in the share of the children of _, for the share of the children of _ was too much for them.''', (SELECT COUNT(*) FROM dailyblessings.curriculum), '2025-1-31');
INSERT INTO dailyblessings.curriculum_questions (isFillInTheBlank, question, curriculumId, date) VALUES (False, 'What land did the children of Issachar recieve?', (SELECT COUNT(*) FROM dailyblessings.curriculum), '2025-1-31');
INSERT INTO dailyblessings.day (date, copticDate, feast) VALUES ('2025-2-1', 'Toba 24 1741', 'The Departure of St.Mary the Ascetic');
INSERT INTO dailyblessings.curriculum_day (curriculumId, date, book, chapter, lowerVerse, upperVerse) VALUES ((SELECT COUNT(*) FROM dailyblessings.curriculum), '2025-2-1', 'Joshua', 20, NULL, NULL);
INSERT INTO dailyblessings.curriculum_questions (isFillInTheBlank, question, curriculumId, date) VALUES (False, 'What was your favorite verse and why?', (SELECT COUNT(*) FROM dailyblessings.curriculum), '2025-2-1');
INSERT INTO dailyblessings.day (date, copticDate, feast) VALUES ('2025-2-2', 'Toba 25 1741', '');
INSERT INTO dailyblessings.curriculum_day (curriculumId, date, book, chapter, lowerVerse, upperVerse) VALUES ((SELECT COUNT(*) FROM dailyblessings.curriculum), '2025-2-2', 'Joshua', 21, 1, 26);
INSERT INTO dailyblessings.curriculum_questions (isFillInTheBlank, question, curriculumId, date) VALUES (True, '''And the children of _ gave these cities with their common-lands by lot to the _, as the _ had commanded by the hand of _''', (SELECT COUNT(*) FROM dailyblessings.curriculum), '2025-2-2');
INSERT INTO dailyblessings.day (date, copticDate, feast) VALUES ('2025-2-3', 'Toba 26 1741', '');
INSERT INTO dailyblessings.curriculum_day (curriculumId, date, book, chapter, lowerVerse, upperVerse) VALUES ((SELECT COUNT(*) FROM dailyblessings.curriculum), '2025-2-3', 'Joshua', 22, 1, 29);
INSERT INTO dailyblessings.curriculum_questions (isFillInTheBlank, question, curriculumId, date) VALUES (False, 'What did Joshua say about where to return as the Lord had promised?', (SELECT COUNT(*) FROM dailyblessings.curriculum), '2025-2-3');
INSERT INTO dailyblessings.curriculum_questions (isFillInTheBlank, question, curriculumId, date) VALUES (True, '''Far be it from us that we should _ against the Lord, and turn from _ the Lord this day, to build an _ for burnt offerings, for _ offerings or for _ , besides the altar of the Lord our God which is before his _''', (SELECT COUNT(*) FROM dailyblessings.curriculum), '2025-2-3');
INSERT INTO dailyblessings.day (date, copticDate, feast) VALUES ('2025-2-4', 'Toba 27 1741', 'The Commemoration of the Honorable Archangel Suriel');
INSERT INTO dailyblessings.curriculum_day (curriculumId, date, book, chapter, lowerVerse, upperVerse) VALUES ((SELECT COUNT(*) FROM dailyblessings.curriculum), '2025-2-4', 'Joshua', 23, NULL, NULL);
INSERT INTO dailyblessings.curriculum_questions (isFillInTheBlank, question, curriculumId, date) VALUES (False, 'What did Joshua tell the people in his farewell address?', (SELECT COUNT(*) FROM dailyblessings.curriculum), '2025-2-4');
INSERT INTO dailyblessings.curriculum_questions (isFillInTheBlank, question, curriculumId, date) VALUES (False, 'What does Joshua state will happen if the people turn from God to serve others?', (SELECT COUNT(*) FROM dailyblessings.curriculum), '2025-2-4');
INSERT INTO dailyblessings.day (date, copticDate, feast) VALUES ('2025-2-5', 'Toba 28 1741', '');
INSERT INTO dailyblessings.curriculum_day (curriculumId, date, book, chapter, lowerVerse, upperVerse) VALUES ((SELECT COUNT(*) FROM dailyblessings.curriculum), '2025-2-5', 'Joshua', 24, 1, 29);
INSERT INTO dailyblessings.curriculum_questions (isFillInTheBlank, question, curriculumId, date) VALUES (True, 'But Joshua said to the people ''You cannot _ the Lord, for he is a _ God. He is a _ God; he will not forgive your _ nor your _''''', (SELECT COUNT(*) FROM dailyblessings.curriculum), '2025-2-5');
INSERT INTO dailyblessings.curriculum_questions (isFillInTheBlank, question, curriculumId, date) VALUES (False, 'How old was Joshua when he died?', (SELECT COUNT(*) FROM dailyblessings.curriculum), '2025-2-5');
INSERT INTO dailyblessings.day (date, copticDate, feast) VALUES ('2025-2-6', 'Toba 29 1741', 'The Departure of St.Eksanie ');
INSERT INTO dailyblessings.curriculum_day (curriculumId, date, book, chapter, lowerVerse, upperVerse) VALUES ((SELECT COUNT(*) FROM dailyblessings.curriculum), '2025-2-6', 'Psalm', 103, NULL, NULL);
INSERT INTO dailyblessings.curriculum_questions (isFillInTheBlank, question, curriculumId, date) VALUES (False, 'What was your favorite verse and why?', (SELECT COUNT(*) FROM dailyblessings.curriculum), '2025-2-6');
INSERT INTO dailyblessings.day (date, copticDate, feast) VALUES ('2025-2-7', 'Toba 30 1741', '');
INSERT INTO dailyblessings.curriculum_day (curriculumId, date, book, chapter, lowerVerse, upperVerse) VALUES ((SELECT COUNT(*) FROM dailyblessings.curriculum), '2025-2-7', 'Psalm', 111, NULL, NULL);
INSERT INTO dailyblessings.curriculum_questions (isFillInTheBlank, question, curriculumId, date) VALUES (False, 'What was your favorite verse and why?', (SELECT COUNT(*) FROM dailyblessings.curriculum), '2025-2-7');
INSERT INTO dailyblessings.day (date, copticDate, feast) VALUES ('2025-2-8', 'Amshir 1 1741', 'The Commemoration of the Second Universal Council in the city of Constantinople');
INSERT INTO dailyblessings.curriculum_day (curriculumId, date, book, chapter, lowerVerse, upperVerse) VALUES ((SELECT COUNT(*) FROM dailyblessings.curriculum), '2025-2-8', 'Acts', 1, 1, 11);
INSERT INTO dailyblessings.curriculum_questions (isFillInTheBlank, question, curriculumId, date) VALUES (False, 'Write your favorite verse and what it means to you.', (SELECT COUNT(*) FROM dailyblessings.curriculum), '2025-2-8');
INSERT INTO dailyblessings.day (date, copticDate, feast) VALUES ('2025-2-9', 'Amshir 2 1741', 'The Departure of the Great St.Anba Paul, the First Hermit');
INSERT INTO dailyblessings.curriculum_day (curriculumId, date, book, chapter, lowerVerse, upperVerse) VALUES ((SELECT COUNT(*) FROM dailyblessings.curriculum), '2025-2-9', 'Acts', 1, 12, 26);
INSERT INTO dailyblessings.curriculum_questions (isFillInTheBlank, question, curriculumId, date) VALUES (False, 'What did the eleven disciples do before making a decision about another person for their ministry?', (SELECT COUNT(*) FROM dailyblessings.curriculum), '2025-2-9');
INSERT INTO dailyblessings.curriculum_questions (isFillInTheBlank, question, curriculumId, date) VALUES (False, 'Who was chosen to replace Judas as disciple?', (SELECT COUNT(*) FROM dailyblessings.curriculum), '2025-2-9');
INSERT INTO dailyblessings.day (date, copticDate, feast) VALUES ('2025-2-10', 'Amshir 3 1741', 'Jonah''s (Nineveh) Fast, The Departure of St.James the Monk');
INSERT INTO dailyblessings.curriculum_day (curriculumId, date, book, chapter, lowerVerse, upperVerse) VALUES ((SELECT COUNT(*) FROM dailyblessings.curriculum), '2025-2-10', 'Acts', 2, 1, 21);
INSERT INTO dailyblessings.curriculum_questions (isFillInTheBlank, question, curriculumId, date) VALUES (False, 'What happened on the day of Pentecost?', (SELECT COUNT(*) FROM dailyblessings.curriculum), '2025-2-10');
INSERT INTO dailyblessings.curriculum_questions (isFillInTheBlank, question, curriculumId, date) VALUES (False, 'Filled with the Holy Spirit, what were the disciples able to do?', (SELECT COUNT(*) FROM dailyblessings.curriculum), '2025-2-10');
INSERT INTO dailyblessings.day (date, copticDate, feast) VALUES ('2025-2-11', 'Amshir 4 1741', 'Jonah''s (Nineveh) Fast');
INSERT INTO dailyblessings.curriculum_day (curriculumId, date, book, chapter, lowerVerse, upperVerse) VALUES ((SELECT COUNT(*) FROM dailyblessings.curriculum), '2025-2-11', 'Acts', 2, 22, 47);
INSERT INTO dailyblessings.curriculum_questions (isFillInTheBlank, question, curriculumId, date) VALUES (False, 'After preaching, what did Peter do with those listening?', (SELECT COUNT(*) FROM dailyblessings.curriculum), '2025-2-11');
INSERT INTO dailyblessings.curriculum_questions (isFillInTheBlank, question, curriculumId, date) VALUES (False, 'About how many people were baptized that day?', (SELECT COUNT(*) FROM dailyblessings.curriculum), '2025-2-11');
INSERT INTO dailyblessings.day (date, copticDate, feast) VALUES ('2025-2-12', 'Amshir 5 1741', 'Jonah''s (Nineveh) Fast');
INSERT INTO dailyblessings.curriculum_day (curriculumId, date, book, chapter, lowerVerse, upperVerse) VALUES ((SELECT COUNT(*) FROM dailyblessings.curriculum), '2025-2-12', 'Acts', 3, NULL, NULL);
INSERT INTO dailyblessings.curriculum_questions (isFillInTheBlank, question, curriculumId, date) VALUES (False, 'Instead of alms, what did St.Peter do for the lame man?', (SELECT COUNT(*) FROM dailyblessings.curriculum), '2025-2-12');
INSERT INTO dailyblessings.curriculum_questions (isFillInTheBlank, question, curriculumId, date) VALUES (False, 'When people were amazed by this miracle, what did Peter say to them?', (SELECT COUNT(*) FROM dailyblessings.curriculum), '2025-2-12');
INSERT INTO dailyblessings.day (date, copticDate, feast) VALUES ('2025-2-13', 'Amshir 6 1741', 'Jonah''s (Nineveh) Feast');
INSERT INTO dailyblessings.curriculum_day (curriculumId, date, book, chapter, lowerVerse, upperVerse) VALUES ((SELECT COUNT(*) FROM dailyblessings.curriculum), '2025-2-13', 'Acts', 4, 1, 17);
INSERT INTO dailyblessings.curriculum_questions (isFillInTheBlank, question, curriculumId, date) VALUES (False, 'What happened to Peter and John after this miracle?', (SELECT COUNT(*) FROM dailyblessings.curriculum), '2025-2-13');
INSERT INTO dailyblessings.curriculum_questions (isFillInTheBlank, question, curriculumId, date) VALUES (False, 'When the Sanhedrin asked Peter by what power has he performed this miracle, how did he respond?', (SELECT COUNT(*) FROM dailyblessings.curriculum), '2025-2-13');
INSERT INTO dailyblessings.day (date, copticDate, feast) VALUES ('2025-2-14', 'Amshir 7 1741', '');
INSERT INTO dailyblessings.curriculum_day (curriculumId, date, book, chapter, lowerVerse, upperVerse) VALUES ((SELECT COUNT(*) FROM dailyblessings.curriculum), '2025-2-14', 'Acts', 4, 18, 37);
INSERT INTO dailyblessings.curriculum_questions (isFillInTheBlank, question, curriculumId, date) VALUES (True, 'Once Peter and John were released they prayed to the Lord, ''grant to Your _ that with all boldness they may _ Your word, by stretching out Your _ to heal, and that signs and _ may be done through the name of Your holy Servant _''', (SELECT COUNT(*) FROM dailyblessings.curriculum), '2025-2-14');
INSERT INTO dailyblessings.day (date, copticDate, feast) VALUES ('2025-2-15', 'Amshir 8 1741', 'Presentation of the Lord into the Temple, Departure of St.Simeon the Elder');
INSERT INTO dailyblessings.curriculum_day (curriculumId, date, book, chapter, lowerVerse, upperVerse) VALUES ((SELECT COUNT(*) FROM dailyblessings.curriculum), '2025-2-15', 'Acts', 5, 1, 16);
INSERT INTO dailyblessings.curriculum_questions (isFillInTheBlank, question, curriculumId, date) VALUES (False, 'Write your favorite verse and what it means to you.', (SELECT COUNT(*) FROM dailyblessings.curriculum), '2025-2-15');
INSERT INTO dailyblessings.day (date, copticDate, feast) VALUES ('2025-2-16', 'Amshir 9 1741', '');
INSERT INTO dailyblessings.curriculum_day (curriculumId, date, book, chapter, lowerVerse, upperVerse) VALUES ((SELECT COUNT(*) FROM dailyblessings.curriculum), '2025-2-16', 'Acts', 5, 17, 42);
INSERT INTO dailyblessings.curriculum_questions (isFillInTheBlank, question, curriculumId, date) VALUES (False, 'What happened when the apostles were locked in prison? Where did they go after?', (SELECT COUNT(*) FROM dailyblessings.curriculum), '2025-2-16');
INSERT INTO dailyblessings.curriculum_questions (isFillInTheBlank, question, curriculumId, date) VALUES (False, 'Why were the captain and officers afraid of arresting the apostles?', (SELECT COUNT(*) FROM dailyblessings.curriculum), '2025-2-16');
INSERT INTO dailyblessings.day (date, copticDate, feast) VALUES ('2025-2-17', 'Amshir 10 1741', '');
INSERT INTO dailyblessings.curriculum_day (curriculumId, date, book, chapter, lowerVerse, upperVerse) VALUES ((SELECT COUNT(*) FROM dailyblessings.curriculum), '2025-2-17', 'Acts', 6, NULL, NULL);
INSERT INTO dailyblessings.curriculum_questions (isFillInTheBlank, question, curriculumId, date) VALUES (False, 'What did the false witnesses claim St. Stephen taught about Jesus and the Temple?', (SELECT COUNT(*) FROM dailyblessings.curriculum), '2025-2-17');
INSERT INTO dailyblessings.curriculum_questions (isFillInTheBlank, question, curriculumId, date) VALUES (True, '''And it shall come to pass that whoever _ on the name of the _ shall be _''', (SELECT COUNT(*) FROM dailyblessings.curriculum), '2025-2-17');
INSERT INTO dailyblessings.day (date, copticDate, feast) VALUES ('2025-2-18', 'Amshir 11 1741', '');
INSERT INTO dailyblessings.curriculum_day (curriculumId, date, book, chapter, lowerVerse, upperVerse) VALUES ((SELECT COUNT(*) FROM dailyblessings.curriculum), '2025-2-18', 'Acts', 7, 1, 22);
INSERT INTO dailyblessings.curriculum_questions (isFillInTheBlank, question, curriculumId, date) VALUES (False, 'What was the covenant God gave to Abraham?', (SELECT COUNT(*) FROM dailyblessings.curriculum), '2025-2-18');
INSERT INTO dailyblessings.curriculum_questions (isFillInTheBlank, question, curriculumId, date) VALUES (False, 'Which Holy Forefather begot the twelve patriarchs ?', (SELECT COUNT(*) FROM dailyblessings.curriculum), '2025-2-18');
INSERT INTO dailyblessings.day (date, copticDate, feast) VALUES ('2025-2-19', 'Amshir 12 1741', 'The Commemoration of the Honorable Archangel Michael ');
INSERT INTO dailyblessings.curriculum_day (curriculumId, date, book, chapter, lowerVerse, upperVerse) VALUES ((SELECT COUNT(*) FROM dailyblessings.curriculum), '2025-2-19', 'Acts', 7, 23, 43);
INSERT INTO dailyblessings.curriculum_questions (isFillInTheBlank, question, curriculumId, date) VALUES (False, 'How many years did Moses stay in the land of Midian?', (SELECT COUNT(*) FROM dailyblessings.curriculum), '2025-2-19');
INSERT INTO dailyblessings.curriculum_questions (isFillInTheBlank, question, curriculumId, date) VALUES (False, 'What did the Jewish people do in the wilderness after they were released from Egypt?', (SELECT COUNT(*) FROM dailyblessings.curriculum), '2025-2-19');
INSERT INTO dailyblessings.day (date, copticDate, feast) VALUES ('2025-2-20', 'Amshir 13 1741', '');
INSERT INTO dailyblessings.curriculum_day (curriculumId, date, book, chapter, lowerVerse, upperVerse) VALUES ((SELECT COUNT(*) FROM dailyblessings.curriculum), '2025-2-20', 'Acts', 7, 44, 60);
INSERT INTO dailyblessings.curriculum_questions (isFillInTheBlank, question, curriculumId, date) VALUES (False, 'How was St.Stephen martyred?', (SELECT COUNT(*) FROM dailyblessings.curriculum), '2025-2-20');
INSERT INTO dailyblessings.curriculum_questions (isFillInTheBlank, question, curriculumId, date) VALUES (True, '''Look! I see the _ opened and the Son of Man _ at the right hand of _!''', (SELECT COUNT(*) FROM dailyblessings.curriculum), '2025-2-20');
INSERT INTO dailyblessings.day (date, copticDate, feast) VALUES ('2025-2-21', 'Amshir 14 1741', 'The Departure of St.Severus, Patriarch of Antioch');
INSERT INTO dailyblessings.curriculum_day (curriculumId, date, book, chapter, lowerVerse, upperVerse) VALUES ((SELECT COUNT(*) FROM dailyblessings.curriculum), '2025-2-21', 'Acts', 8, 1, 25);
INSERT INTO dailyblessings.curriculum_questions (isFillInTheBlank, question, curriculumId, date) VALUES (False, 'What happened while Philip was preaching in Samaria?', (SELECT COUNT(*) FROM dailyblessings.curriculum), '2025-2-21');
INSERT INTO dailyblessings.curriculum_questions (isFillInTheBlank, question, curriculumId, date) VALUES (False, 'What did Peter say to Simon when he tried to buy power with money?', (SELECT COUNT(*) FROM dailyblessings.curriculum), '2025-2-21');
INSERT INTO dailyblessings.day (date, copticDate, feast) VALUES ('2025-2-22', 'Amshir 15 1741', '');
INSERT INTO dailyblessings.curriculum_day (curriculumId, date, book, chapter, lowerVerse, upperVerse) VALUES ((SELECT COUNT(*) FROM dailyblessings.curriculum), '2025-2-22', 'Acts', 8, 26, 40);
INSERT INTO dailyblessings.curriculum_questions (isFillInTheBlank, question, curriculumId, date) VALUES (False, 'Write your favorite verse and what it means to you.', (SELECT COUNT(*) FROM dailyblessings.curriculum), '2025-2-22');
INSERT INTO dailyblessings.day (date, copticDate, feast) VALUES ('2025-2-23', 'Amshir 16 1741', 'The Departure of St.Elizabeth, Mother of St.John the Baptist');
INSERT INTO dailyblessings.curriculum_day (curriculumId, date, book, chapter, lowerVerse, upperVerse) VALUES ((SELECT COUNT(*) FROM dailyblessings.curriculum), '2025-2-23', 'Acts', 9, 1, 25);
INSERT INTO dailyblessings.curriculum_questions (isFillInTheBlank, question, curriculumId, date) VALUES (False, 'Who spoke to Saul on his journey to Damascus? What did He say?', (SELECT COUNT(*) FROM dailyblessings.curriculum), '2025-2-23');
INSERT INTO dailyblessings.curriculum_questions (isFillInTheBlank, question, curriculumId, date) VALUES (True, '''Go, for he is a _ of Mine to bear My name before _, kings, and the children of _''', (SELECT COUNT(*) FROM dailyblessings.curriculum), '2025-2-23');
INSERT INTO dailyblessings.day (date, copticDate, feast) VALUES ('2025-2-24', 'Amshir 17 1741', 'Start of Holy Great Fast, The Martyrdom of St.Mina the Monk');
INSERT INTO dailyblessings.curriculum_day (curriculumId, date, book, chapter, lowerVerse, upperVerse) VALUES ((SELECT COUNT(*) FROM dailyblessings.curriculum), '2025-2-24', 'Acts', 9, 26, 43);
INSERT INTO dailyblessings.curriculum_questions (isFillInTheBlank, question, curriculumId, date) VALUES (False, 'Who brought Saul to the Apostles?', (SELECT COUNT(*) FROM dailyblessings.curriculum), '2025-2-24');
INSERT INTO dailyblessings.curriculum_questions (isFillInTheBlank, question, curriculumId, date) VALUES (False, 'What happened to Tabitha? What did Peter do?', (SELECT COUNT(*) FROM dailyblessings.curriculum), '2025-2-24');
INSERT INTO dailyblessings.day (date, copticDate, feast) VALUES ('2025-2-25', 'Amshir 18 1741', '');
INSERT INTO dailyblessings.curriculum_day (curriculumId, date, book, chapter, lowerVerse, upperVerse) VALUES ((SELECT COUNT(*) FROM dailyblessings.curriculum), '2025-2-25', 'Acts', 10, 1, 23);
INSERT INTO dailyblessings.curriculum_questions (isFillInTheBlank, question, curriculumId, date) VALUES (False, 'What was Cornelius'' job?', (SELECT COUNT(*) FROM dailyblessings.curriculum), '2025-2-25');
INSERT INTO dailyblessings.curriculum_questions (isFillInTheBlank, question, curriculumId, date) VALUES (False, 'During Peter''s vison he heard a voice? What did it say the first and second time?', (SELECT COUNT(*) FROM dailyblessings.curriculum), '2025-2-25');
INSERT INTO dailyblessings.day (date, copticDate, feast) VALUES ('2025-2-26', 'Amshir 19 1741', '');
INSERT INTO dailyblessings.curriculum_day (curriculumId, date, book, chapter, lowerVerse, upperVerse) VALUES ((SELECT COUNT(*) FROM dailyblessings.curriculum), '2025-2-26', 'Acts', 10, 24, 46);
INSERT INTO dailyblessings.curriculum_questions (isFillInTheBlank, question, curriculumId, date) VALUES (False, 'What did Cornelius do when St. Peter entered his house?', (SELECT COUNT(*) FROM dailyblessings.curriculum), '2025-2-26');
INSERT INTO dailyblessings.curriculum_questions (isFillInTheBlank, question, curriculumId, date) VALUES (False, 'While Peter was preaching to the household and friends of Cornelius, something unusual happened. What was it that happened?', (SELECT COUNT(*) FROM dailyblessings.curriculum), '2025-2-26');
INSERT INTO dailyblessings.day (date, copticDate, feast) VALUES ('2025-2-27', 'Amshir 20 1741', '');
INSERT INTO dailyblessings.curriculum_day (curriculumId, date, book, chapter, lowerVerse, upperVerse) VALUES ((SELECT COUNT(*) FROM dailyblessings.curriculum), '2025-2-27', 'Acts', 11, 1, 15);
INSERT INTO dailyblessings.curriculum_questions (isFillInTheBlank, question, curriculumId, date) VALUES (True, '''Then the _ told me to go with them,_ Moreover these six brethren accompanied me, and we entered the mans house.''', (SELECT COUNT(*) FROM dailyblessings.curriculum), '2025-2-27');
INSERT INTO dailyblessings.curriculum_questions (isFillInTheBlank, question, curriculumId, date) VALUES (False, 'The Church in Jerusalem sent which individual to Antioch?', (SELECT COUNT(*) FROM dailyblessings.curriculum), '2025-2-27');
INSERT INTO dailyblessings.day (date, copticDate, feast) VALUES ('2025-2-28', 'Amshir 21 1741', 'The Commemoration of the Virgin St.Mary, the Theotokos');
INSERT INTO dailyblessings.curriculum_day (curriculumId, date, book, chapter, lowerVerse, upperVerse) VALUES ((SELECT COUNT(*) FROM dailyblessings.curriculum), '2025-2-28', 'Acts', 11, 16, 30);
INSERT INTO dailyblessings.curriculum_questions (isFillInTheBlank, question, curriculumId, date) VALUES (True, '''When they heard these things they became silent; and they _ God, saying, Then God has also _ to the Gentiles _ to life.''', (SELECT COUNT(*) FROM dailyblessings.curriculum), '2025-2-28');
INSERT INTO dailyblessings.curriculum_questions (isFillInTheBlank, question, curriculumId, date) VALUES (False, 'Where were the disciples first called Christians?', (SELECT COUNT(*) FROM dailyblessings.curriculum), '2025-2-28');
INSERT INTO dailyblessings.day (date, copticDate, feast) VALUES ('2025-3-1', 'Amshir 22 1741', '');
INSERT INTO dailyblessings.curriculum_day (curriculumId, date, book, chapter, lowerVerse, upperVerse) VALUES ((SELECT COUNT(*) FROM dailyblessings.curriculum), '2025-3-1', 'Acts', 12, NULL, NULL);
INSERT INTO dailyblessings.curriculum_questions (isFillInTheBlank, question, curriculumId, date) VALUES (False, 'Write your favorite verse and what it means to you.', (SELECT COUNT(*) FROM dailyblessings.curriculum), '2025-3-1');
INSERT INTO dailyblessings.day (date, copticDate, feast) VALUES ('2025-3-2', 'Amshir 23 1741', '');
INSERT INTO dailyblessings.curriculum_day (curriculumId, date, book, chapter, lowerVerse, upperVerse) VALUES ((SELECT COUNT(*) FROM dailyblessings.curriculum), '2025-3-2', 'Acts', 13, 1, 12);
INSERT INTO dailyblessings.curriculum_questions (isFillInTheBlank, question, curriculumId, date) VALUES (False, 'Where did Paul and Barnabas travel to?', (SELECT COUNT(*) FROM dailyblessings.curriculum), '2025-3-2');
INSERT INTO dailyblessings.curriculum_questions (isFillInTheBlank, question, curriculumId, date) VALUES (False, 'Who was traveling with Barnabas and Saul ?', (SELECT COUNT(*) FROM dailyblessings.curriculum), '2025-3-2');
INSERT INTO dailyblessings.day (date, copticDate, feast) VALUES ('2025-3-3', 'Amshir 24 1741', 'The Martyrdom of St.Timothy and St.Matthias');
INSERT INTO dailyblessings.curriculum_day (curriculumId, date, book, chapter, lowerVerse, upperVerse) VALUES ((SELECT COUNT(*) FROM dailyblessings.curriculum), '2025-3-3', 'Acts', 13, 13, 35);
INSERT INTO dailyblessings.curriculum_questions (isFillInTheBlank, question, curriculumId, date) VALUES (False, 'What happened at Antioch of Pesidia ?', (SELECT COUNT(*) FROM dailyblessings.curriculum), '2025-3-3');
INSERT INTO dailyblessings.curriculum_questions (isFillInTheBlank, question, curriculumId, date) VALUES (False, 'How many nations did God destroy in Canaan for his people ?', (SELECT COUNT(*) FROM dailyblessings.curriculum), '2025-3-3');
INSERT INTO dailyblessings.day (date, copticDate, feast) VALUES ('2025-3-4', 'Amshir 25 1741', 'The Martyrdom of Sts.Philemon, Apphia, and their son Archippus');
INSERT INTO dailyblessings.curriculum_day (curriculumId, date, book, chapter, lowerVerse, upperVerse) VALUES ((SELECT COUNT(*) FROM dailyblessings.curriculum), '2025-3-4', 'Acts', 13, 36, 52);
INSERT INTO dailyblessings.curriculum_questions (isFillInTheBlank, question, curriculumId, date) VALUES (False, 'You will not allow Your Holy One to see corruption'' a prophecy was said about?', (SELECT COUNT(*) FROM dailyblessings.curriculum), '2025-3-4');
INSERT INTO dailyblessings.curriculum_questions (isFillInTheBlank, question, curriculumId, date) VALUES (False, 'What did the people seek after hearing to St. Paul ?', (SELECT COUNT(*) FROM dailyblessings.curriculum), '2025-3-4');
INSERT INTO dailyblessings.day (date, copticDate, feast) VALUES ('2025-3-5', 'Amshir 26 1741', 'The Departure of the Righteous Hosea, the Prophet');
INSERT INTO dailyblessings.curriculum_day (curriculumId, date, book, chapter, lowerVerse, upperVerse) VALUES ((SELECT COUNT(*) FROM dailyblessings.curriculum), '2025-3-5', 'Acts', 14, 1, 13);
INSERT INTO dailyblessings.curriculum_questions (isFillInTheBlank, question, curriculumId, date) VALUES (False, 'Who believed in Iconium ?', (SELECT COUNT(*) FROM dailyblessings.curriculum), '2025-3-5');
INSERT INTO dailyblessings.curriculum_questions (isFillInTheBlank, question, curriculumId, date) VALUES (False, 'What did the people at Lystra do when they saw the miracle ?', (SELECT COUNT(*) FROM dailyblessings.curriculum), '2025-3-5');
INSERT INTO dailyblessings.day (date, copticDate, feast) VALUES ('2025-3-6', 'Amshir 27 1741', 'The Departure of St.Eustathius, Patriarch of Antioch');
INSERT INTO dailyblessings.curriculum_day (curriculumId, date, book, chapter, lowerVerse, upperVerse) VALUES ((SELECT COUNT(*) FROM dailyblessings.curriculum), '2025-3-6', 'Acts', 14, 14, 28);
INSERT INTO dailyblessings.curriculum_questions (isFillInTheBlank, question, curriculumId, date) VALUES (False, 'Where did the apostles go after the stoning ?', (SELECT COUNT(*) FROM dailyblessings.curriculum), '2025-3-6');
INSERT INTO dailyblessings.curriculum_questions (isFillInTheBlank, question, curriculumId, date) VALUES (False, 'What did they do on ther way back to Lystra, Antioch and Iconium ?', (SELECT COUNT(*) FROM dailyblessings.curriculum), '2025-3-6');
INSERT INTO dailyblessings.day (date, copticDate, feast) VALUES ('2025-3-7', 'Amshir 28 1741', '');
INSERT INTO dailyblessings.curriculum_day (curriculumId, date, book, chapter, lowerVerse, upperVerse) VALUES ((SELECT COUNT(*) FROM dailyblessings.curriculum), '2025-3-7', 'Acts', 15, 1, 21);
INSERT INTO dailyblessings.curriculum_questions (isFillInTheBlank, question, curriculumId, date) VALUES (False, 'What did the people of Judea teach the others brethren ?', (SELECT COUNT(*) FROM dailyblessings.curriculum), '2025-3-7');
INSERT INTO dailyblessings.curriculum_questions (isFillInTheBlank, question, curriculumId, date) VALUES (True, '''So God, who knows the _, acknowledged them by giving them the _, just as He did to us, and made no distinction between us and them, _ their hearts by_''', (SELECT COUNT(*) FROM dailyblessings.curriculum), '2025-3-7');
INSERT INTO dailyblessings.day (date, copticDate, feast) VALUES ('2025-3-8', 'Amshir 29 1741', '');
INSERT INTO dailyblessings.curriculum_day (curriculumId, date, book, chapter, lowerVerse, upperVerse) VALUES ((SELECT COUNT(*) FROM dailyblessings.curriculum), '2025-3-8', 'Acts', 15, 22, 41);
INSERT INTO dailyblessings.curriculum_questions (isFillInTheBlank, question, curriculumId, date) VALUES (False, 'Write your favorite verse and what it means to you.', (SELECT COUNT(*) FROM dailyblessings.curriculum), '2025-3-8');
INSERT INTO dailyblessings.day (date, copticDate, feast) VALUES ('2025-3-9', 'Amshir 30 1741', '');
INSERT INTO dailyblessings.curriculum_day (curriculumId, date, book, chapter, lowerVerse, upperVerse) VALUES ((SELECT COUNT(*) FROM dailyblessings.curriculum), '2025-3-9', 'Acts', 16, 1, 20);
INSERT INTO dailyblessings.curriculum_questions (isFillInTheBlank, question, curriculumId, date) VALUES (False, 'What did St. Paul do to St. Timothy before they left ?', (SELECT COUNT(*) FROM dailyblessings.curriculum), '2025-3-9');
INSERT INTO dailyblessings.curriculum_questions (isFillInTheBlank, question, curriculumId, date) VALUES (False, 'What led St. Paul to believe that the Lord was calling him to preach in Macedonia?', (SELECT COUNT(*) FROM dailyblessings.curriculum), '2025-3-9');
INSERT INTO dailyblessings.day (date, copticDate, feast) VALUES ('2025-3-10', 'Baramhat 1 1741', 'The Martyrdom of St.Alexandrus, the Soldier');
INSERT INTO dailyblessings.curriculum_day (curriculumId, date, book, chapter, lowerVerse, upperVerse) VALUES ((SELECT COUNT(*) FROM dailyblessings.curriculum), '2025-3-10', 'Acts', 16, 21, 40);
INSERT INTO dailyblessings.curriculum_questions (isFillInTheBlank, question, curriculumId, date) VALUES (False, 'How did St. Paul and St. Silas exceedingly trouble the city?', (SELECT COUNT(*) FROM dailyblessings.curriculum), '2025-3-10');
INSERT INTO dailyblessings.curriculum_questions (isFillInTheBlank, question, curriculumId, date) VALUES (False, 'How many members of the Philippian jailers household were baptized?', (SELECT COUNT(*) FROM dailyblessings.curriculum), '2025-3-10');
INSERT INTO dailyblessings.day (date, copticDate, feast) VALUES ('2025-3-11', 'Baramhat 2 1741', '');
INSERT INTO dailyblessings.curriculum_day (curriculumId, date, book, chapter, lowerVerse, upperVerse) VALUES ((SELECT COUNT(*) FROM dailyblessings.curriculum), '2025-3-11', 'Acts', 17, 1, 15);
INSERT INTO dailyblessings.curriculum_questions (isFillInTheBlank, question, curriculumId, date) VALUES (False, 'St. Paul explained and proved that two things were necessary for the Christ to do. What were they?', (SELECT COUNT(*) FROM dailyblessings.curriculum), '2025-3-11');
INSERT INTO dailyblessings.day (date, copticDate, feast) VALUES ('2025-3-12', 'Baramhat 3 1741', '');
INSERT INTO dailyblessings.curriculum_day (curriculumId, date, book, chapter, lowerVerse, upperVerse) VALUES ((SELECT COUNT(*) FROM dailyblessings.curriculum), '2025-3-12', 'Acts', 17, 16, 34);
INSERT INTO dailyblessings.curriculum_questions (isFillInTheBlank, question, curriculumId, date) VALUES (False, 'Where did the philosophers take St. Paul to hear him speak about his ''new doctrine?''', (SELECT COUNT(*) FROM dailyblessings.curriculum), '2025-3-12');
INSERT INTO dailyblessings.curriculum_questions (isFillInTheBlank, question, curriculumId, date) VALUES (False, 'Paul found one particular altar in Athens, What was the inscription on this altar?', (SELECT COUNT(*) FROM dailyblessings.curriculum), '2025-3-12');
INSERT INTO dailyblessings.day (date, copticDate, feast) VALUES ('2025-3-13', 'Baramhat 4 1741', '');
INSERT INTO dailyblessings.curriculum_day (curriculumId, date, book, chapter, lowerVerse, upperVerse) VALUES ((SELECT COUNT(*) FROM dailyblessings.curriculum), '2025-3-13', 'Acts', 18, 1, 11);
INSERT INTO dailyblessings.curriculum_questions (isFillInTheBlank, question, curriculumId, date) VALUES (False, 'Why were Aquila and Priscilla in Corinth?', (SELECT COUNT(*) FROM dailyblessings.curriculum), '2025-3-13');
INSERT INTO dailyblessings.curriculum_questions (isFillInTheBlank, question, curriculumId, date) VALUES (False, 'Which ruler of the synagogue in Corinth became a Christian with his household?', (SELECT COUNT(*) FROM dailyblessings.curriculum), '2025-3-13');
INSERT INTO dailyblessings.day (date, copticDate, feast) VALUES ('2025-3-14', 'Baramhat 5 1741', '');
INSERT INTO dailyblessings.curriculum_day (curriculumId, date, book, chapter, lowerVerse, upperVerse) VALUES ((SELECT COUNT(*) FROM dailyblessings.curriculum), '2025-3-14', 'Acts', 18, 12, 28);
INSERT INTO dailyblessings.curriculum_questions (isFillInTheBlank, question, curriculumId, date) VALUES (False, 'Which ruler of the synagogue in Corinth became a Christian with his household?', (SELECT COUNT(*) FROM dailyblessings.curriculum), '2025-3-14');
INSERT INTO dailyblessings.curriculum_questions (isFillInTheBlank, question, curriculumId, date) VALUES (False, 'Which ruler of the synagogue in Corinth became a Christian with his household?', (SELECT COUNT(*) FROM dailyblessings.curriculum), '2025-3-14');
INSERT INTO dailyblessings.day (date, copticDate, feast) VALUES ('2025-3-15', 'Baramhat 6 1741', 'The Martyrdom of St.Dioscorus');
INSERT INTO dailyblessings.curriculum_day (curriculumId, date, book, chapter, lowerVerse, upperVerse) VALUES ((SELECT COUNT(*) FROM dailyblessings.curriculum), '2025-3-15', 'Acts', 19, 1, 22);
INSERT INTO dailyblessings.curriculum_questions (isFillInTheBlank, question, curriculumId, date) VALUES (False, 'Write your favorite verse and what it means to you.', (SELECT COUNT(*) FROM dailyblessings.curriculum), '2025-3-15');
INSERT INTO dailyblessings.day (date, copticDate, feast) VALUES ('2025-3-16', 'Baramhat 7 1741', 'The Martyrdom of St.Mary the Israelite');
INSERT INTO dailyblessings.curriculum_day (curriculumId, date, book, chapter, lowerVerse, upperVerse) VALUES ((SELECT COUNT(*) FROM dailyblessings.curriculum), '2025-3-16', 'Acts', 19, 23, 41);
INSERT INTO dailyblessings.curriculum_questions (isFillInTheBlank, question, curriculumId, date) VALUES (False, 'What did the silversmiths cry out?', (SELECT COUNT(*) FROM dailyblessings.curriculum), '2025-3-16');
INSERT INTO dailyblessings.curriculum_questions (isFillInTheBlank, question, curriculumId, date) VALUES (False, 'What crime did the city clerk of Ephesus convict Gaius and Aristarchus?', (SELECT COUNT(*) FROM dailyblessings.curriculum), '2025-3-16');
INSERT INTO dailyblessings.day (date, copticDate, feast) VALUES ('2025-3-17', 'Baramhat 8 1741', 'The Martyrdom of St.Matthias, the apostle');
INSERT INTO dailyblessings.curriculum_day (curriculumId, date, book, chapter, lowerVerse, upperVerse) VALUES ((SELECT COUNT(*) FROM dailyblessings.curriculum), '2025-3-17', 'Psalm', 134, NULL, NULL);
INSERT INTO dailyblessings.curriculum_questions (isFillInTheBlank, question, curriculumId, date) VALUES (False, 'What was your favorite verse and why?', (SELECT COUNT(*) FROM dailyblessings.curriculum), '2025-3-17');
INSERT INTO dailyblessings.day (date, copticDate, feast) VALUES ('2025-3-18', 'Baramhat 9 1741', '');
INSERT INTO dailyblessings.curriculum_day (curriculumId, date, book, chapter, lowerVerse, upperVerse) VALUES ((SELECT COUNT(*) FROM dailyblessings.curriculum), '2025-3-18', 'Psalm', 136, NULL, NULL);
INSERT INTO dailyblessings.curriculum_questions (isFillInTheBlank, question, curriculumId, date) VALUES (False, 'What was your favorite verse and why?', (SELECT COUNT(*) FROM dailyblessings.curriculum), '2025-3-18');
INSERT INTO dailyblessings.day (date, copticDate, feast) VALUES ('2025-3-19', 'Baramhat 10 1741', 'The Feast of the Cross');
INSERT INTO dailyblessings.curriculum_day (curriculumId, date, book, chapter, lowerVerse, upperVerse) VALUES ((SELECT COUNT(*) FROM dailyblessings.curriculum), '2025-3-19', 'Psalm', 141, NULL, NULL);
INSERT INTO dailyblessings.curriculum_questions (isFillInTheBlank, question, curriculumId, date) VALUES (False, 'What was your favorite verse and why?', (SELECT COUNT(*) FROM dailyblessings.curriculum), '2025-3-19');
INSERT INTO dailyblessings.day (date, copticDate, feast) VALUES ('2025-3-20', 'Baramhat 11 1741', 'The Martyrdom of St.Basil the Bishop');
INSERT INTO dailyblessings.curriculum_day (curriculumId, date, book, chapter, lowerVerse, upperVerse) VALUES ((SELECT COUNT(*) FROM dailyblessings.curriculum), '2025-3-20', 'Esther', 1, NULL, NULL);
INSERT INTO dailyblessings.curriculum_questions (isFillInTheBlank, question, curriculumId, date) VALUES (False, 'What caused King Ahasuerus to become angry?', (SELECT COUNT(*) FROM dailyblessings.curriculum), '2025-3-20');
INSERT INTO dailyblessings.curriculum_questions (isFillInTheBlank, question, curriculumId, date) VALUES (False, 'What did the King do in response?', (SELECT COUNT(*) FROM dailyblessings.curriculum), '2025-3-20');
INSERT INTO dailyblessings.day (date, copticDate, feast) VALUES ('2025-3-21', 'Baramhat 12 1741', 'Commemoration of the Honorable Archangel Michael');
INSERT INTO dailyblessings.curriculum_day (curriculumId, date, book, chapter, lowerVerse, upperVerse) VALUES ((SELECT COUNT(*) FROM dailyblessings.curriculum), '2025-3-21', 'Esther', 2, NULL, NULL);
INSERT INTO dailyblessings.curriculum_questions (isFillInTheBlank, question, curriculumId, date) VALUES (False, 'What is Esther''s other name? Why did she hide her people?', (SELECT COUNT(*) FROM dailyblessings.curriculum), '2025-3-21');
INSERT INTO dailyblessings.curriculum_questions (isFillInTheBlank, question, curriculumId, date) VALUES (False, 'What did Bigthan and Teresh try to do? What happened to them instead?', (SELECT COUNT(*) FROM dailyblessings.curriculum), '2025-3-21');
INSERT INTO dailyblessings.day (date, copticDate, feast) VALUES ('2025-3-22', 'Baramhat 13 1741', 'The Martyrdom of the Forty Martyrs of Sebaste');
INSERT INTO dailyblessings.curriculum_day (curriculumId, date, book, chapter, lowerVerse, upperVerse) VALUES ((SELECT COUNT(*) FROM dailyblessings.curriculum), '2025-3-22', 'Esther', 3, NULL, NULL);
INSERT INTO dailyblessings.curriculum_questions (isFillInTheBlank, question, curriculumId, date) VALUES (False, 'Write your favorite verse and what it means to you.', (SELECT COUNT(*) FROM dailyblessings.curriculum), '2025-3-22');
INSERT INTO dailyblessings.day (date, copticDate, feast) VALUES ('2025-3-23', 'Baramhat 14 1741', '');
INSERT INTO dailyblessings.curriculum_day (curriculumId, date, book, chapter, lowerVerse, upperVerse) VALUES ((SELECT COUNT(*) FROM dailyblessings.curriculum), '2025-3-23', 'Esther', 4, NULL, NULL);
INSERT INTO dailyblessings.curriculum_questions (isFillInTheBlank, question, curriculumId, date) VALUES (False, 'What would happen if a person went before the king without being called?', (SELECT COUNT(*) FROM dailyblessings.curriculum), '2025-3-23');
INSERT INTO dailyblessings.curriculum_questions (isFillInTheBlank, question, curriculumId, date) VALUES (False, 'What did Esther ask of the Jewish people?', (SELECT COUNT(*) FROM dailyblessings.curriculum), '2025-3-23');
INSERT INTO dailyblessings.day (date, copticDate, feast) VALUES ('2025-3-24', 'Baramhat 15 1741', 'The Departure of St.Sarah the Nun');
INSERT INTO dailyblessings.curriculum_day (curriculumId, date, book, chapter, lowerVerse, upperVerse) VALUES ((SELECT COUNT(*) FROM dailyblessings.curriculum), '2025-3-24', 'Esther', 5, NULL, NULL);
INSERT INTO dailyblessings.curriculum_questions (isFillInTheBlank, question, curriculumId, date) VALUES (False, 'What request did Esther make of the king?', (SELECT COUNT(*) FROM dailyblessings.curriculum), '2025-3-24');
INSERT INTO dailyblessings.curriculum_questions (isFillInTheBlank, question, curriculumId, date) VALUES (False, 'What was Haman''s plan for Mordecai?', (SELECT COUNT(*) FROM dailyblessings.curriculum), '2025-3-24');
INSERT INTO dailyblessings.day (date, copticDate, feast) VALUES ('2025-3-25', 'Baramhat 16 1741', '');
INSERT INTO dailyblessings.curriculum_day (curriculumId, date, book, chapter, lowerVerse, upperVerse) VALUES ((SELECT COUNT(*) FROM dailyblessings.curriculum), '2025-3-25', 'Esther', 6, NULL, NULL);
INSERT INTO dailyblessings.curriculum_questions (isFillInTheBlank, question, curriculumId, date) VALUES (False, 'When the king could not sleep he read some records. What did he find?', (SELECT COUNT(*) FROM dailyblessings.curriculum), '2025-3-25');
INSERT INTO dailyblessings.curriculum_questions (isFillInTheBlank, question, curriculumId, date) VALUES (False, 'To honor Mordecai, what did King Ahasuerus do?', (SELECT COUNT(*) FROM dailyblessings.curriculum), '2025-3-25');
INSERT INTO dailyblessings.day (date, copticDate, feast) VALUES ('2025-3-26', 'Baramhat 17 1741', 'The Departure of Lazarus, the beloved of the Lord, The Martyrdom of St.Sidhom Bishay in Domiat');
INSERT INTO dailyblessings.curriculum_day (curriculumId, date, book, chapter, lowerVerse, upperVerse) VALUES ((SELECT COUNT(*) FROM dailyblessings.curriculum), '2025-3-26', 'Esther', 7, NULL, NULL);
INSERT INTO dailyblessings.curriculum_questions (isFillInTheBlank, question, curriculumId, date) VALUES (False, 'What did Queen Esther say at the second banquet?', (SELECT COUNT(*) FROM dailyblessings.curriculum), '2025-3-26');
INSERT INTO dailyblessings.curriculum_questions (isFillInTheBlank, question, curriculumId, date) VALUES (False, 'What happened to Haman in the end?', (SELECT COUNT(*) FROM dailyblessings.curriculum), '2025-3-26');
INSERT INTO dailyblessings.day (date, copticDate, feast) VALUES ('2025-3-27', 'Baramhat 18 1741', '');
INSERT INTO dailyblessings.curriculum_day (curriculumId, date, book, chapter, lowerVerse, upperVerse) VALUES ((SELECT COUNT(*) FROM dailyblessings.curriculum), '2025-3-27', 'Esther', 8, NULL, NULL);
INSERT INTO dailyblessings.curriculum_questions (isFillInTheBlank, question, curriculumId, date) VALUES (False, 'Why did Queen Esther cry in front of the king?', (SELECT COUNT(*) FROM dailyblessings.curriculum), '2025-3-27');
INSERT INTO dailyblessings.curriculum_questions (isFillInTheBlank, question, curriculumId, date) VALUES (False, 'What was the new decree that was signed by the king?', (SELECT COUNT(*) FROM dailyblessings.curriculum), '2025-3-27');
INSERT INTO dailyblessings.day (date, copticDate, feast) VALUES ('2025-3-28', 'Baramhat 19 1741', '');
INSERT INTO dailyblessings.curriculum_day (curriculumId, date, book, chapter, lowerVerse, upperVerse) VALUES ((SELECT COUNT(*) FROM dailyblessings.curriculum), '2025-3-28', 'Esther', 9, 1, 17);
INSERT INTO dailyblessings.curriculum_questions (isFillInTheBlank, question, curriculumId, date) VALUES (False, 'What happened to the Jews on the thirteenth day of themonth of Adar?', (SELECT COUNT(*) FROM dailyblessings.curriculum), '2025-3-28');
INSERT INTO dailyblessings.curriculum_questions (isFillInTheBlank, question, curriculumId, date) VALUES (False, 'What occured on the fourteenth day of the month of Adar?', (SELECT COUNT(*) FROM dailyblessings.curriculum), '2025-3-28');
INSERT INTO dailyblessings.day (date, copticDate, feast) VALUES ('2025-3-29', 'Baramhat 20 1741', '');
INSERT INTO dailyblessings.curriculum_day (curriculumId, date, book, chapter, lowerVerse, upperVerse) VALUES ((SELECT COUNT(*) FROM dailyblessings.curriculum), '2025-3-29', 'Esther', 9, 18, 32);
INSERT INTO dailyblessings.curriculum_questions (isFillInTheBlank, question, curriculumId, date) VALUES (False, 'Write your favorite verse and what it means to you.', (SELECT COUNT(*) FROM dailyblessings.curriculum), '2025-3-29');
INSERT INTO dailyblessings.day (date, copticDate, feast) VALUES ('2025-3-30', 'Baramhat 21 1741', 'The Commemoration of the Theotokos, the Pure Virgin St.Mary, The Martyrdom of Sts.Theodore and Timothy');
INSERT INTO dailyblessings.curriculum_day (curriculumId, date, book, chapter, lowerVerse, upperVerse) VALUES ((SELECT COUNT(*) FROM dailyblessings.curriculum), '2025-3-30', 'Esther', 10, NULL, NULL);
INSERT INTO dailyblessings.curriculum_questions (isFillInTheBlank, question, curriculumId, date) VALUES (False, 'What position did Mordecai have with the king?', (SELECT COUNT(*) FROM dailyblessings.curriculum), '2025-3-30');
INSERT INTO dailyblessings.day (date, copticDate, feast) VALUES ('2025-3-31', 'Baramhat 22 1741', '');
INSERT INTO dailyblessings.curriculum_day (curriculumId, date, book, chapter, lowerVerse, upperVerse) VALUES ((SELECT COUNT(*) FROM dailyblessings.curriculum), '2025-3-31', 'Psalm', 143, NULL, NULL);
INSERT INTO dailyblessings.curriculum_questions (isFillInTheBlank, question, curriculumId, date) VALUES (False, 'What was your favorite verse and why?', (SELECT COUNT(*) FROM dailyblessings.curriculum), '2025-3-31');
INSERT INTO dailyblessings.day (date, copticDate, feast) VALUES ('2025-4-1', 'Baramhat 23 1741', 'The Departure of the Great Prophet Daniel');
INSERT INTO dailyblessings.curriculum_day (curriculumId, date, book, chapter, lowerVerse, upperVerse) VALUES ((SELECT COUNT(*) FROM dailyblessings.curriculum), '2025-4-1', 'Psalm', 144, NULL, NULL);
INSERT INTO dailyblessings.curriculum_questions (isFillInTheBlank, question, curriculumId, date) VALUES (False, 'What was your favorite verse and why?', (SELECT COUNT(*) FROM dailyblessings.curriculum), '2025-4-1');
INSERT INTO dailyblessings.day (date, copticDate, feast) VALUES ('2025-4-2', 'Baramhat 24 1741', '');
INSERT INTO dailyblessings.curriculum_day (curriculumId, date, book, chapter, lowerVerse, upperVerse) VALUES ((SELECT COUNT(*) FROM dailyblessings.curriculum), '2025-4-2', 'Ruth', 1, NULL, NULL);
INSERT INTO dailyblessings.curriculum_questions (isFillInTheBlank, question, curriculumId, date) VALUES (False, 'After Naomi''s sons had passed away, what did her daughter-in-laws do? What about Ruth?', (SELECT COUNT(*) FROM dailyblessings.curriculum), '2025-4-2');
INSERT INTO dailyblessings.curriculum_questions (isFillInTheBlank, question, curriculumId, date) VALUES (False, 'Where did Naomi and Ruth travel to?', (SELECT COUNT(*) FROM dailyblessings.curriculum), '2025-4-2');
INSERT INTO dailyblessings.day (date, copticDate, feast) VALUES ('2025-4-3', 'Baramhat 25 1741', '');
INSERT INTO dailyblessings.curriculum_day (curriculumId, date, book, chapter, lowerVerse, upperVerse) VALUES ((SELECT COUNT(*) FROM dailyblessings.curriculum), '2025-4-3', 'Ruth', 2, NULL, NULL);
INSERT INTO dailyblessings.curriculum_questions (isFillInTheBlank, question, curriculumId, date) VALUES (False, 'What did Naomi ask Ruth to do?', (SELECT COUNT(*) FROM dailyblessings.curriculum), '2025-4-3');
INSERT INTO dailyblessings.curriculum_questions (isFillInTheBlank, question, curriculumId, date) VALUES (True, 'Blessed be he of the _ , who has not forsaken His _ to the _ and the _!'' Why does Naomi rejoice?', (SELECT COUNT(*) FROM dailyblessings.curriculum), '2025-4-3');
INSERT INTO dailyblessings.day (date, copticDate, feast) VALUES ('2025-4-4', 'Baramhat 26 1741', 'The Departure of St.Euphrasia, the Virgin');
INSERT INTO dailyblessings.curriculum_day (curriculumId, date, book, chapter, lowerVerse, upperVerse) VALUES ((SELECT COUNT(*) FROM dailyblessings.curriculum), '2025-4-4', 'Ruth', 4, 13, 22);
INSERT INTO dailyblessings.curriculum_questions (isFillInTheBlank, question, curriculumId, date) VALUES (False, 'Who are the descendants of Ruth and Boaz?', (SELECT COUNT(*) FROM dailyblessings.curriculum), '2025-4-4');
INSERT INTO dailyblessings.day (date, copticDate, feast) VALUES ('2025-4-5', 'Baramhat 27 1741', 'The Commemoration of the Crucifixion of our Lord Jesus Christ, The Departure of St.Macarius the Great');
INSERT INTO dailyblessings.curriculum_day (curriculumId, date, book, chapter, lowerVerse, upperVerse) VALUES ((SELECT COUNT(*) FROM dailyblessings.curriculum), '2025-4-5', 'None', NULL, NULL, NULL);
INSERT INTO dailyblessings.curriculum_questions (isFillInTheBlank, question, curriculumId, date) VALUES (False, 'What was your favorite verse and why?', (SELECT COUNT(*) FROM dailyblessings.curriculum), '2025-4-5');
INSERT INTO dailyblessings.day (date, copticDate, feast) VALUES ('2025-4-6', 'Baramhat 28 1741', 'The Departure of Emperor Constantine the Great');
INSERT INTO dailyblessings.curriculum_day (curriculumId, date, book, chapter, lowerVerse, upperVerse) VALUES ((SELECT COUNT(*) FROM dailyblessings.curriculum), '2025-4-6', 'Psalm', 147, NULL, NULL);
INSERT INTO dailyblessings.curriculum_questions (isFillInTheBlank, question, curriculumId, date) VALUES (False, 'What was your favorite verse and why?', (SELECT COUNT(*) FROM dailyblessings.curriculum), '2025-4-6');
INSERT INTO dailyblessings.day (date, copticDate, feast) VALUES ('2025-4-7', 'Baramhat 29 1741', 'Annunciation Feast, The Commemoration of the Resurrection of the Lord Christ from the dead');
INSERT INTO dailyblessings.curriculum_day (curriculumId, date, book, chapter, lowerVerse, upperVerse) VALUES ((SELECT COUNT(*) FROM dailyblessings.curriculum), '2025-4-7', 'Psalm', 148, NULL, NULL);
INSERT INTO dailyblessings.curriculum_questions (isFillInTheBlank, question, curriculumId, date) VALUES (False, 'What was your favorite verse and why?', (SELECT COUNT(*) FROM dailyblessings.curriculum), '2025-4-7');
INSERT INTO dailyblessings.day (date, copticDate, feast) VALUES ('2025-4-8', 'Baramhat 30 1741', 'The Commemoration of Archangel Gabriel the Announcer, The Departure of Samson, One of the Judges of Israel');
INSERT INTO dailyblessings.curriculum_day (curriculumId, date, book, chapter, lowerVerse, upperVerse) VALUES ((SELECT COUNT(*) FROM dailyblessings.curriculum), '2025-4-8', 'Psalm', 150, NULL, NULL);
INSERT INTO dailyblessings.curriculum_questions (isFillInTheBlank, question, curriculumId, date) VALUES (False, 'What was your favorite verse and why?', (SELECT COUNT(*) FROM dailyblessings.curriculum), '2025-4-8');
INSERT INTO dailyblessings.day (date, copticDate, feast) VALUES ('2025-4-9', 'Baramouda 1 1741', 'The Departure of St.Silvanus the monk, Aaron the priest');
INSERT INTO dailyblessings.curriculum_day (curriculumId, date, book, chapter, lowerVerse, upperVerse) VALUES ((SELECT COUNT(*) FROM dailyblessings.curriculum), '2025-4-9', '1 Samuel', 1, 1, 18);
INSERT INTO dailyblessings.curriculum_questions (isFillInTheBlank, question, curriculumId, date) VALUES (False, 'What was the vow that Hannah made to the Lord?', (SELECT COUNT(*) FROM dailyblessings.curriculum), '2025-4-9');
INSERT INTO dailyblessings.curriculum_questions (isFillInTheBlank, question, curriculumId, date) VALUES (False, 'What did Eli the priest think of Hannah?', (SELECT COUNT(*) FROM dailyblessings.curriculum), '2025-4-9');
INSERT INTO dailyblessings.day (date, copticDate, feast) VALUES ('2025-4-10', 'Baramouda 2 1741', 'The Martyrdom of St.Christopher');
INSERT INTO dailyblessings.curriculum_day (curriculumId, date, book, chapter, lowerVerse, upperVerse) VALUES ((SELECT COUNT(*) FROM dailyblessings.curriculum), '2025-4-10', '1 Samuel', 1, 19, 28);
INSERT INTO dailyblessings.curriculum_questions (isFillInTheBlank, question, curriculumId, date) VALUES (False, 'What did Hannah bring up with her to offer to the Lord?', (SELECT COUNT(*) FROM dailyblessings.curriculum), '2025-4-10');
INSERT INTO dailyblessings.curriculum_questions (isFillInTheBlank, question, curriculumId, date) VALUES (True, '''For this child I _, and the Lord _ me my petition which I asked of Him''', (SELECT COUNT(*) FROM dailyblessings.curriculum), '2025-4-10');
INSERT INTO dailyblessings.day (date, copticDate, feast) VALUES ('2025-4-11', 'Baramouda 3 1741', '');
INSERT INTO dailyblessings.curriculum_day (curriculumId, date, book, chapter, lowerVerse, upperVerse) VALUES ((SELECT COUNT(*) FROM dailyblessings.curriculum), '2025-4-11', '1 Samuel', 2, 1, 17);
INSERT INTO dailyblessings.curriculum_questions (isFillInTheBlank, question, curriculumId, date) VALUES (True, '''No one is holy like the _, For there is none besides You, Nor is there any _ like our God.''', (SELECT COUNT(*) FROM dailyblessings.curriculum), '2025-4-11');
INSERT INTO dailyblessings.curriculum_questions (isFillInTheBlank, question, curriculumId, date) VALUES (False, 'After Elkanah went to his house,who did Samuel stay with?', (SELECT COUNT(*) FROM dailyblessings.curriculum), '2025-4-11');
INSERT INTO dailyblessings.day (date, copticDate, feast) VALUES ('2025-4-12', 'Baramouda 4 1741', 'Lazarus Saturday');
INSERT INTO dailyblessings.curriculum_day (curriculumId, date, book, chapter, lowerVerse, upperVerse) VALUES ((SELECT COUNT(*) FROM dailyblessings.curriculum), '2025-4-12', '1 Samuel', 2, 18, 36);
INSERT INTO dailyblessings.curriculum_questions (isFillInTheBlank, question, curriculumId, date) VALUES (False, 'Write your favorite verse and what it means to you.', (SELECT COUNT(*) FROM dailyblessings.curriculum), '2025-4-12');
INSERT INTO dailyblessings.day (date, copticDate, feast) VALUES ('2025-4-13', 'Baramouda 5 1741', 'Entry of our Lord into Jerusalem (Hosanna Sunday)');
INSERT INTO dailyblessings.curriculum_day (curriculumId, date, book, chapter, lowerVerse, upperVerse) VALUES ((SELECT COUNT(*) FROM dailyblessings.curriculum), '2025-4-13', 'None', NULL, NULL, NULL);
INSERT INTO dailyblessings.day (date, copticDate, feast) VALUES ('2025-4-14', 'Baramunda 6 1741', 'Holy Pascha');
INSERT INTO dailyblessings.curriculum_day (curriculumId, date, book, chapter, lowerVerse, upperVerse) VALUES ((SELECT COUNT(*) FROM dailyblessings.curriculum), '2025-4-14', 'None', NULL, NULL, NULL);
INSERT INTO dailyblessings.day (date, copticDate, feast) VALUES ('2025-4-15', 'Baramouda 7 1741', 'Holy Pascha');
INSERT INTO dailyblessings.curriculum_day (curriculumId, date, book, chapter, lowerVerse, upperVerse) VALUES ((SELECT COUNT(*) FROM dailyblessings.curriculum), '2025-4-15', 'None', NULL, NULL, NULL);
INSERT INTO dailyblessings.day (date, copticDate, feast) VALUES ('2025-4-16', 'Baramunda 8 1741', 'Holy Pascha');
INSERT INTO dailyblessings.curriculum_day (curriculumId, date, book, chapter, lowerVerse, upperVerse) VALUES ((SELECT COUNT(*) FROM dailyblessings.curriculum), '2025-4-16', 'None', NULL, NULL, NULL);
INSERT INTO dailyblessings.day (date, copticDate, feast) VALUES ('2025-4-17', 'Baramouda 9 1741', 'Covenant Thursday');
INSERT INTO dailyblessings.curriculum_day (curriculumId, date, book, chapter, lowerVerse, upperVerse) VALUES ((SELECT COUNT(*) FROM dailyblessings.curriculum), '2025-4-17', 'None', NULL, NULL, NULL);
INSERT INTO dailyblessings.day (date, copticDate, feast) VALUES ('2025-4-18', 'Baramouda 10 1741', 'Good Friday');
INSERT INTO dailyblessings.curriculum_day (curriculumId, date, book, chapter, lowerVerse, upperVerse) VALUES ((SELECT COUNT(*) FROM dailyblessings.curriculum), '2025-4-18', 'None', NULL, NULL, NULL);
INSERT INTO dailyblessings.day (date, copticDate, feast) VALUES ('2025-4-19', 'Baramouda 11 1741', '');
INSERT INTO dailyblessings.curriculum_day (curriculumId, date, book, chapter, lowerVerse, upperVerse) VALUES ((SELECT COUNT(*) FROM dailyblessings.curriculum), '2025-4-19', 'None', NULL, NULL, NULL);
INSERT INTO dailyblessings.day (date, copticDate, feast) VALUES ('2025-4-20', 'Baramouda 12 1741', 'Glorious Feast of the Resurrection');
INSERT INTO dailyblessings.curriculum_day (curriculumId, date, book, chapter, lowerVerse, upperVerse) VALUES ((SELECT COUNT(*) FROM dailyblessings.curriculum), '2025-4-20', 'None', NULL, NULL, NULL);
INSERT INTO dailyblessings.day (date, copticDate, feast) VALUES ('2025-4-21', 'Baramouda 13 1741', '');
INSERT INTO dailyblessings.curriculum_day (curriculumId, date, book, chapter, lowerVerse, upperVerse) VALUES ((SELECT COUNT(*) FROM dailyblessings.curriculum), '2025-4-21', '1 Samuel', 3, NULL, NULL);
INSERT INTO dailyblessings.curriculum_questions (isFillInTheBlank, question, curriculumId, date) VALUES (False, 'What did Eli tell Samuel to say when the Lord calls him?', (SELECT COUNT(*) FROM dailyblessings.curriculum), '2025-4-21');
INSERT INTO dailyblessings.curriculum_questions (isFillInTheBlank, question, curriculumId, date) VALUES (False, 'Why was God upset with Eli?', (SELECT COUNT(*) FROM dailyblessings.curriculum), '2025-4-21');
INSERT INTO dailyblessings.day (date, copticDate, feast) VALUES ('2025-4-22', 'Baramouda 14 1741', '');
INSERT INTO dailyblessings.curriculum_day (curriculumId, date, book, chapter, lowerVerse, upperVerse) VALUES ((SELECT COUNT(*) FROM dailyblessings.curriculum), '2025-4-22', '1 Samuel', 4, NULL, NULL);
INSERT INTO dailyblessings.curriculum_questions (isFillInTheBlank, question, curriculumId, date) VALUES (False, 'What happened to the ark of God during battle?', (SELECT COUNT(*) FROM dailyblessings.curriculum), '2025-4-22');
INSERT INTO dailyblessings.curriculum_questions (isFillInTheBlank, question, curriculumId, date) VALUES (False, 'What happened to Eli when he heard that the ark of God was captured?', (SELECT COUNT(*) FROM dailyblessings.curriculum), '2025-4-22');
INSERT INTO dailyblessings.day (date, copticDate, feast) VALUES ('2025-4-23', 'Baramouda 15 1741', '');
INSERT INTO dailyblessings.curriculum_day (curriculumId, date, book, chapter, lowerVerse, upperVerse) VALUES ((SELECT COUNT(*) FROM dailyblessings.curriculum), '2025-4-23', '1 Samuel', 5, NULL, NULL);
INSERT INTO dailyblessings.curriculum_questions (isFillInTheBlank, question, curriculumId, date) VALUES (False, 'What happened to Dagon when the ark of God was placed in the house of Dagon?', (SELECT COUNT(*) FROM dailyblessings.curriculum), '2025-4-23');
INSERT INTO dailyblessings.curriculum_questions (isFillInTheBlank, question, curriculumId, date) VALUES (False, 'What did the Philistines decide to do with the ark of God?', (SELECT COUNT(*) FROM dailyblessings.curriculum), '2025-4-23');
INSERT INTO dailyblessings.day (date, copticDate, feast) VALUES ('2025-4-24', 'Baramouda 16 1741', 'The Martyrdom of St.Antipas, Bishop of Pergamos');
INSERT INTO dailyblessings.curriculum_day (curriculumId, date, book, chapter, lowerVerse, upperVerse) VALUES ((SELECT COUNT(*) FROM dailyblessings.curriculum), '2025-4-24', '1 Samuel', 6, NULL, NULL);
INSERT INTO dailyblessings.curriculum_questions (isFillInTheBlank, question, curriculumId, date) VALUES (False, 'What did the priests tell the Philistines to do when they are sending the ark of God to its place?', (SELECT COUNT(*) FROM dailyblessings.curriculum), '2025-4-24');
INSERT INTO dailyblessings.curriculum_questions (isFillInTheBlank, question, curriculumId, date) VALUES (False, 'How did the people of Shemesh celebrate the return of the ark of God?', (SELECT COUNT(*) FROM dailyblessings.curriculum), '2025-4-24');
INSERT INTO dailyblessings.day (date, copticDate, feast) VALUES ('2025-4-25', 'Baramouda 17 1741', 'The Martyrdom of St.James One of the Twelve Apostles, Brother of St.John the Beloved, The Departure of St.Nicodemus');
INSERT INTO dailyblessings.curriculum_day (curriculumId, date, book, chapter, lowerVerse, upperVerse) VALUES ((SELECT COUNT(*) FROM dailyblessings.curriculum), '2025-4-25', '1 Samuel', 7, NULL, NULL);
INSERT INTO dailyblessings.curriculum_questions (isFillInTheBlank, question, curriculumId, date) VALUES (False, 'What did the children of Israel do after Samuel spoke to them?', (SELECT COUNT(*) FROM dailyblessings.curriculum), '2025-4-25');
INSERT INTO dailyblessings.curriculum_questions (isFillInTheBlank, question, curriculumId, date) VALUES (False, 'What did God do when the Philistines came near to battle the children of Israel?', (SELECT COUNT(*) FROM dailyblessings.curriculum), '2025-4-25');
INSERT INTO dailyblessings.day (date, copticDate, feast) VALUES ('2025-4-26', 'Baramouda 18 1741', '');
INSERT INTO dailyblessings.curriculum_day (curriculumId, date, book, chapter, lowerVerse, upperVerse) VALUES ((SELECT COUNT(*) FROM dailyblessings.curriculum), '2025-4-26', '1 Samuel', 8, NULL, NULL);
INSERT INTO dailyblessings.curriculum_questions (isFillInTheBlank, question, curriculumId, date) VALUES (False, 'Write your favorite verse and what it means to you.', (SELECT COUNT(*) FROM dailyblessings.curriculum), '2025-4-26');
INSERT INTO dailyblessings.day (date, copticDate, feast) VALUES ('2025-4-27', 'Baramouda 19 1741', 'Thomas Sunday');
INSERT INTO dailyblessings.curriculum_day (curriculumId, date, book, chapter, lowerVerse, upperVerse) VALUES ((SELECT COUNT(*) FROM dailyblessings.curriculum), '2025-4-27', '1 Samuel', 9, 1, 14);
INSERT INTO dailyblessings.curriculum_questions (isFillInTheBlank, question, curriculumId, date) VALUES (False, 'What did Kish ask of his son Saul?', (SELECT COUNT(*) FROM dailyblessings.curriculum), '2025-4-27');
INSERT INTO dailyblessings.curriculum_questions (isFillInTheBlank, question, curriculumId, date) VALUES (False, 'What did Saul ask the young women who were going out to draw water?', (SELECT COUNT(*) FROM dailyblessings.curriculum), '2025-4-27');
INSERT INTO dailyblessings.day (date, copticDate, feast) VALUES ('2025-4-28', 'Baramouda 20 1741', '');
INSERT INTO dailyblessings.curriculum_day (curriculumId, date, book, chapter, lowerVerse, upperVerse) VALUES ((SELECT COUNT(*) FROM dailyblessings.curriculum), '2025-4-28', '1 Samuel', 9, 15, 27);
INSERT INTO dailyblessings.curriculum_questions (isFillInTheBlank, question, curriculumId, date) VALUES (False, 'Who said ''I am the Seer''?', (SELECT COUNT(*) FROM dailyblessings.curriculum), '2025-4-28');
INSERT INTO dailyblessings.curriculum_questions (isFillInTheBlank, question, curriculumId, date) VALUES (True, '''But as for your donkeys that were lost three days ago, do not be _ about them, for they have been _''', (SELECT COUNT(*) FROM dailyblessings.curriculum), '2025-4-28');
INSERT INTO dailyblessings.day (date, copticDate, feast) VALUES ('2025-4-29', 'Baramouda 21 1741', 'The Commemoration of the Virgin St.Mary, the Theotokos');
INSERT INTO dailyblessings.curriculum_day (curriculumId, date, book, chapter, lowerVerse, upperVerse) VALUES ((SELECT COUNT(*) FROM dailyblessings.curriculum), '2025-4-29', '1 Samuel', 10, 1, 16);
INSERT INTO dailyblessings.curriculum_questions (isFillInTheBlank, question, curriculumId, date) VALUES (True, '''Then the _ of the Lord will come upon you and you will _ with them and be turned into another _''', (SELECT COUNT(*) FROM dailyblessings.curriculum), '2025-4-29');
INSERT INTO dailyblessings.day (date, copticDate, feast) VALUES ('2025-4-30', 'Baramouda 22 1741', '');
INSERT INTO dailyblessings.curriculum_day (curriculumId, date, book, chapter, lowerVerse, upperVerse) VALUES ((SELECT COUNT(*) FROM dailyblessings.curriculum), '2025-4-30', '1 Samuel', 10, 17, 27);
INSERT INTO dailyblessings.curriculum_questions (isFillInTheBlank, question, curriculumId, date) VALUES (True, '''I brought up Israel out of _, and delivered you from the hand of the _ and from the hand of all _ and from those who oppressed you.''', (SELECT COUNT(*) FROM dailyblessings.curriculum), '2025-4-30');
INSERT INTO dailyblessings.curriculum_questions (isFillInTheBlank, question, curriculumId, date) VALUES (False, 'Who was appointed a king over the people of Israel?', (SELECT COUNT(*) FROM dailyblessings.curriculum), '2025-4-30');
INSERT INTO dailyblessings.day (date, copticDate, feast) VALUES ('2025-5-1', 'Baramouda 23 1741', 'The Martyrdom of St.George Prince of the Martyrs');
INSERT INTO dailyblessings.curriculum_day (curriculumId, date, book, chapter, lowerVerse, upperVerse) VALUES ((SELECT COUNT(*) FROM dailyblessings.curriculum), '2025-5-1', '1 Samuel', 11, NULL, NULL);
INSERT INTO dailyblessings.curriculum_questions (isFillInTheBlank, question, curriculumId, date) VALUES (False, 'How many children of Israel and how many men of Judah went out with Saul?', (SELECT COUNT(*) FROM dailyblessings.curriculum), '2025-5-1');
INSERT INTO dailyblessings.curriculum_questions (isFillInTheBlank, question, curriculumId, date) VALUES (False, 'What did the people do to Saul in Gilgal?', (SELECT COUNT(*) FROM dailyblessings.curriculum), '2025-5-1');
INSERT INTO dailyblessings.day (date, copticDate, feast) VALUES ('2025-5-2', 'Baramouda 24 1741', '');
INSERT INTO dailyblessings.curriculum_day (curriculumId, date, book, chapter, lowerVerse, upperVerse) VALUES ((SELECT COUNT(*) FROM dailyblessings.curriculum), '2025-5-2', '1 Samuel', 12, NULL, NULL);
INSERT INTO dailyblessings.curriculum_questions (isFillInTheBlank, question, curriculumId, date) VALUES (False, 'Why did the people of Israel cry out to the Lord?', (SELECT COUNT(*) FROM dailyblessings.curriculum), '2025-5-2');
INSERT INTO dailyblessings.curriculum_questions (isFillInTheBlank, question, curriculumId, date) VALUES (True, '''So Samuel called to the Lord, and the Lord sent _ and _that day.''', (SELECT COUNT(*) FROM dailyblessings.curriculum), '2025-5-2');
INSERT INTO dailyblessings.day (date, copticDate, feast) VALUES ('2025-5-3', 'Baramouda 25 1741', '');
INSERT INTO dailyblessings.curriculum_day (curriculumId, date, book, chapter, lowerVerse, upperVerse) VALUES ((SELECT COUNT(*) FROM dailyblessings.curriculum), '2025-5-3', '1 Samuel', 13, NULL, NULL);
INSERT INTO dailyblessings.curriculum_questions (isFillInTheBlank, question, curriculumId, date) VALUES (False, 'Write your favorite verse and what it means to you.', (SELECT COUNT(*) FROM dailyblessings.curriculum), '2025-5-3');
INSERT INTO dailyblessings.day (date, copticDate, feast) VALUES ('2025-5-4', 'Baramouda 26 1741', 'The Martyrdom of St.Sonos');
INSERT INTO dailyblessings.curriculum_day (curriculumId, date, book, chapter, lowerVerse, upperVerse) VALUES ((SELECT COUNT(*) FROM dailyblessings.curriculum), '2025-5-4', '1 Samuel', 14, 1, 25);
INSERT INTO dailyblessings.curriculum_questions (isFillInTheBlank, question, curriculumId, date) VALUES (False, 'What is the name of Sauls son?', (SELECT COUNT(*) FROM dailyblessings.curriculum), '2025-5-4');
INSERT INTO dailyblessings.curriculum_questions (isFillInTheBlank, question, curriculumId, date) VALUES (True, '''But if they say thus Come up to us, then we will go up. For the Lord has _ them into our hand, and this will be a sign to us.''', (SELECT COUNT(*) FROM dailyblessings.curriculum), '2025-5-4');
INSERT INTO dailyblessings.day (date, copticDate, feast) VALUES ('2025-5-5', 'Baramouda 27 1741', '');
INSERT INTO dailyblessings.curriculum_day (curriculumId, date, book, chapter, lowerVerse, upperVerse) VALUES ((SELECT COUNT(*) FROM dailyblessings.curriculum), '2025-5-5', '1 Samuel', 14, 26, 52);
INSERT INTO dailyblessings.curriculum_questions (isFillInTheBlank, question, curriculumId, date) VALUES (False, 'Why were the people not able to eat from the honey?', (SELECT COUNT(*) FROM dailyblessings.curriculum), '2025-5-5');
INSERT INTO dailyblessings.day (date, copticDate, feast) VALUES ('2025-5-6', 'Baramouda 28 1741', 'The Martyrdom of St.Milius, the Ascetic');
INSERT INTO dailyblessings.curriculum_day (curriculumId, date, book, chapter, lowerVerse, upperVerse) VALUES ((SELECT COUNT(*) FROM dailyblessings.curriculum), '2025-5-6', '1 Samuel', 15, 1, 16);
INSERT INTO dailyblessings.curriculum_questions (isFillInTheBlank, question, curriculumId, date) VALUES (False, 'God told Saul to go attack who?', (SELECT COUNT(*) FROM dailyblessings.curriculum), '2025-5-6');
INSERT INTO dailyblessings.curriculum_questions (isFillInTheBlank, question, curriculumId, date) VALUES (False, 'Why was God upset with Saul?', (SELECT COUNT(*) FROM dailyblessings.curriculum), '2025-5-6');
INSERT INTO dailyblessings.day (date, copticDate, feast) VALUES ('2025-5-7', 'Baramouda 29 1741', 'The Departure of St.Erastus, the Apostle');
INSERT INTO dailyblessings.curriculum_day (curriculumId, date, book, chapter, lowerVerse, upperVerse) VALUES ((SELECT COUNT(*) FROM dailyblessings.curriculum), '2025-5-7', '1 Samuel', 15, 17, 35);
INSERT INTO dailyblessings.curriculum_questions (isFillInTheBlank, question, curriculumId, date) VALUES (False, 'What was Saul planning to do with the sheep and oxen ?', (SELECT COUNT(*) FROM dailyblessings.curriculum), '2025-5-7');
INSERT INTO dailyblessings.curriculum_questions (isFillInTheBlank, question, curriculumId, date) VALUES (False, 'How does Saul feel about not obeying Gods commandment?', (SELECT COUNT(*) FROM dailyblessings.curriculum), '2025-5-7');
INSERT INTO dailyblessings.day (date, copticDate, feast) VALUES ('2025-5-8', 'Baramouda 30 1741', 'Martyrdom of St. Mark the Evangelist');
INSERT INTO dailyblessings.curriculum_day (curriculumId, date, book, chapter, lowerVerse, upperVerse) VALUES ((SELECT COUNT(*) FROM dailyblessings.curriculum), '2025-5-8', '1 Samuel', 16, NULL, NULL);
INSERT INTO dailyblessings.curriculum_questions (isFillInTheBlank, question, curriculumId, date) VALUES (True, '''You shall _for Me the one I _ to you.''', (SELECT COUNT(*) FROM dailyblessings.curriculum), '2025-5-8');
INSERT INTO dailyblessings.curriculum_questions (isFillInTheBlank, question, curriculumId, date) VALUES (False, 'Why did Saul send messengers to Jesse?', (SELECT COUNT(*) FROM dailyblessings.curriculum), '2025-5-8');
INSERT INTO dailyblessings.day (date, copticDate, feast) VALUES ('2025-5-9', 'Bashans 1 1741', 'The Nativity of the Blessed Virgin Mary the Mother of God');
INSERT INTO dailyblessings.curriculum_day (curriculumId, date, book, chapter, lowerVerse, upperVerse) VALUES ((SELECT COUNT(*) FROM dailyblessings.curriculum), '2025-5-9', '1 Samuel', 17, 1, 20);
INSERT INTO dailyblessings.curriculum_questions (isFillInTheBlank, question, curriculumId, date) VALUES (False, 'Who said ''why have you come out to line up for battle?''', (SELECT COUNT(*) FROM dailyblessings.curriculum), '2025-5-9');
INSERT INTO dailyblessings.curriculum_questions (isFillInTheBlank, question, curriculumId, date) VALUES (False, 'How many brothers did David have?', (SELECT COUNT(*) FROM dailyblessings.curriculum), '2025-5-9');
INSERT INTO dailyblessings.day (date, copticDate, feast) VALUES ('2025-5-10', 'Bashans 2 1741', 'The Departure of the Righteous Job');
INSERT INTO dailyblessings.curriculum_day (curriculumId, date, book, chapter, lowerVerse, upperVerse) VALUES ((SELECT COUNT(*) FROM dailyblessings.curriculum), '2025-5-10', '1 Samuel', 17, 21, 39);
INSERT INTO dailyblessings.curriculum_questions (isFillInTheBlank, question, curriculumId, date) VALUES (False, 'Write your favorite verse and what it means to you.', (SELECT COUNT(*) FROM dailyblessings.curriculum), '2025-5-10');
INSERT INTO dailyblessings.day (date, copticDate, feast) VALUES ('2025-5-11', 'Bashans 3 1741', 'The Departure of St.Jason, One of the Seventy Disciples');
INSERT INTO dailyblessings.curriculum_day (curriculumId, date, book, chapter, lowerVerse, upperVerse) VALUES ((SELECT COUNT(*) FROM dailyblessings.curriculum), '2025-5-11', '1 Samuel', 17, 40, 58);
INSERT INTO dailyblessings.curriculum_questions (isFillInTheBlank, question, curriculumId, date) VALUES (False, 'Why did David take off the sword and the armor?', (SELECT COUNT(*) FROM dailyblessings.curriculum), '2025-5-11');
INSERT INTO dailyblessings.curriculum_questions (isFillInTheBlank, question, curriculumId, date) VALUES (False, 'What two things did David use to defeat Goliath?', (SELECT COUNT(*) FROM dailyblessings.curriculum), '2025-5-11');
INSERT INTO dailyblessings.day (date, copticDate, feast) VALUES ('2025-5-12', 'Bashans 4 1741', '');
INSERT INTO dailyblessings.curriculum_day (curriculumId, date, book, chapter, lowerVerse, upperVerse) VALUES ((SELECT COUNT(*) FROM dailyblessings.curriculum), '2025-5-12', '1 Samuel', 18, 1, 16);
INSERT INTO dailyblessings.curriculum_questions (isFillInTheBlank, question, curriculumId, date) VALUES (False, 'What did Jonathan give to David?', (SELECT COUNT(*) FROM dailyblessings.curriculum), '2025-5-12');
INSERT INTO dailyblessings.curriculum_questions (isFillInTheBlank, question, curriculumId, date) VALUES (False, 'Who said ''Saul has slain his thousands, and David his ten thousands''.', (SELECT COUNT(*) FROM dailyblessings.curriculum), '2025-5-12');
INSERT INTO dailyblessings.day (date, copticDate, feast) VALUES ('2025-5-13', 'Bashans 5 1741', 'The Martyrdom of Jeremiah the Prophet');
INSERT INTO dailyblessings.curriculum_day (curriculumId, date, book, chapter, lowerVerse, upperVerse) VALUES ((SELECT COUNT(*) FROM dailyblessings.curriculum), '2025-5-13', '1 Samuel', 18, 17, 30);
INSERT INTO dailyblessings.curriculum_questions (isFillInTheBlank, question, curriculumId, date) VALUES (False, 'What is the name of Sauls daughter that David married?', (SELECT COUNT(*) FROM dailyblessings.curriculum), '2025-5-13');
INSERT INTO dailyblessings.curriculum_questions (isFillInTheBlank, question, curriculumId, date) VALUES (True, '''And Saul was still more _of David. So Saul became _s enemy continually.''', (SELECT COUNT(*) FROM dailyblessings.curriculum), '2025-5-13');
INSERT INTO dailyblessings.day (date, copticDate, feast) VALUES ('2025-5-14', 'Bashans 6 1741', '');
INSERT INTO dailyblessings.curriculum_day (curriculumId, date, book, chapter, lowerVerse, upperVerse) VALUES ((SELECT COUNT(*) FROM dailyblessings.curriculum), '2025-5-14', '1 Samuel', 19, NULL, NULL);
INSERT INTO dailyblessings.curriculum_questions (isFillInTheBlank, question, curriculumId, date) VALUES (False, 'Who warned David that Saul wants to kill him?', (SELECT COUNT(*) FROM dailyblessings.curriculum), '2025-5-14');
INSERT INTO dailyblessings.curriculum_questions (isFillInTheBlank, question, curriculumId, date) VALUES (False, 'What did Michal tell Sauls messengers when they went to take David?', (SELECT COUNT(*) FROM dailyblessings.curriculum), '2025-5-14');
INSERT INTO dailyblessings.day (date, copticDate, feast) VALUES ('2025-5-15', 'Bashans 7 1741', '');
INSERT INTO dailyblessings.curriculum_day (curriculumId, date, book, chapter, lowerVerse, upperVerse) VALUES ((SELECT COUNT(*) FROM dailyblessings.curriculum), '2025-5-15', '1 Samuel', 20, 1, 21);
INSERT INTO dailyblessings.curriculum_questions (isFillInTheBlank, question, curriculumId, date) VALUES (False, 'Who said the following to David? ''By no means! You shall not die!''', (SELECT COUNT(*) FROM dailyblessings.curriculum), '2025-5-15');
INSERT INTO dailyblessings.curriculum_questions (isFillInTheBlank, question, curriculumId, date) VALUES (False, 'Where did David hide?', (SELECT COUNT(*) FROM dailyblessings.curriculum), '2025-5-15');
INSERT INTO dailyblessings.day (date, copticDate, feast) VALUES ('2025-5-16', 'Bashans 8 1741', 'The Commemoration of the Ascension of Our Lord jesus Christ in Heaven, The Martyrdom of St.John of Senhout');
INSERT INTO dailyblessings.curriculum_day (curriculumId, date, book, chapter, lowerVerse, upperVerse) VALUES ((SELECT COUNT(*) FROM dailyblessings.curriculum), '2025-5-16', '1 Samuel', 20, 22, 42);
INSERT INTO dailyblessings.curriculum_questions (isFillInTheBlank, question, curriculumId, date) VALUES (True, '''But the lad did not know anything. Only _ and _ knew of the matter.''', (SELECT COUNT(*) FROM dailyblessings.curriculum), '2025-5-16');
INSERT INTO dailyblessings.curriculum_questions (isFillInTheBlank, question, curriculumId, date) VALUES (False, 'Why did David and Jonathan cry?', (SELECT COUNT(*) FROM dailyblessings.curriculum), '2025-5-16');
INSERT INTO dailyblessings.day (date, copticDate, feast) VALUES ('2025-5-17', 'Bashans 9 1741', 'The Departure of St.Helena, the Queen');
INSERT INTO dailyblessings.curriculum_day (curriculumId, date, book, chapter, lowerVerse, upperVerse) VALUES ((SELECT COUNT(*) FROM dailyblessings.curriculum), '2025-5-17', '1 Samuel', 21, NULL, NULL);
INSERT INTO dailyblessings.curriculum_questions (isFillInTheBlank, question, curriculumId, date) VALUES (False, 'Write your favorite verse and what it means to you.', (SELECT COUNT(*) FROM dailyblessings.curriculum), '2025-5-17');
INSERT INTO dailyblessings.day (date, copticDate, feast) VALUES ('2025-5-18', 'Bashans 10 1741', 'The Departure of the Three Holy Young Men Hananiah, Azariah, and Mishael');
INSERT INTO dailyblessings.curriculum_day (curriculumId, date, book, chapter, lowerVerse, upperVerse) VALUES ((SELECT COUNT(*) FROM dailyblessings.curriculum), '2025-5-18', '1 Samuel', 22, NULL, NULL);
INSERT INTO dailyblessings.curriculum_questions (isFillInTheBlank, question, curriculumId, date) VALUES (False, 'How many men were with David?', (SELECT COUNT(*) FROM dailyblessings.curriculum), '2025-5-18');
INSERT INTO dailyblessings.curriculum_questions (isFillInTheBlank, question, curriculumId, date) VALUES (False, 'Who told David that Saul had killed the Lord''s priests?', (SELECT COUNT(*) FROM dailyblessings.curriculum), '2025-5-18');
INSERT INTO dailyblessings.day (date, copticDate, feast) VALUES ('2025-5-19', 'Bashans 11 1741', '');
INSERT INTO dailyblessings.curriculum_day (curriculumId, date, book, chapter, lowerVerse, upperVerse) VALUES ((SELECT COUNT(*) FROM dailyblessings.curriculum), '2025-5-19', '1 Samuel', 23, 1, 13);
INSERT INTO dailyblessings.curriculum_questions (isFillInTheBlank, question, curriculumId, date) VALUES (False, 'Who said the following verse? ''God has delivered him into my hand, for he has shut himself in by entering a town that has gates and bars.''', (SELECT COUNT(*) FROM dailyblessings.curriculum), '2025-5-19');
INSERT INTO dailyblessings.curriculum_questions (isFillInTheBlank, question, curriculumId, date) VALUES (False, 'Where did David escape from?', (SELECT COUNT(*) FROM dailyblessings.curriculum), '2025-5-19');
INSERT INTO dailyblessings.day (date, copticDate, feast) VALUES ('2025-5-20', 'Bashans 12 1741', 'The Commemoration of the Honorable Archangel Michael');
INSERT INTO dailyblessings.curriculum_day (curriculumId, date, book, chapter, lowerVerse, upperVerse) VALUES ((SELECT COUNT(*) FROM dailyblessings.curriculum), '2025-5-20', '1 Samuel', 23, 14, 29);
INSERT INTO dailyblessings.curriculum_questions (isFillInTheBlank, question, curriculumId, date) VALUES (False, 'David and his men were in the Wilderness of Maon, in the plain on the south of', (SELECT COUNT(*) FROM dailyblessings.curriculum), '2025-5-20');
INSERT INTO dailyblessings.curriculum_questions (isFillInTheBlank, question, curriculumId, date) VALUES (False, 'What did they call the place after Saul returned from pursuing David?', (SELECT COUNT(*) FROM dailyblessings.curriculum), '2025-5-20');
INSERT INTO dailyblessings.day (date, copticDate, feast) VALUES ('2025-5-21', 'Bashans 13 1741', 'The Departure of St.Arsenius, the Tutor of the Emperor''s Children');
INSERT INTO dailyblessings.curriculum_day (curriculumId, date, book, chapter, lowerVerse, upperVerse) VALUES ((SELECT COUNT(*) FROM dailyblessings.curriculum), '2025-5-21', '1 Samuel', 24, NULL, NULL);
INSERT INTO dailyblessings.curriculum_questions (isFillInTheBlank, question, curriculumId, date) VALUES (False, 'What did David do to Saul while Saul was in the cave?', (SELECT COUNT(*) FROM dailyblessings.curriculum), '2025-5-21');
INSERT INTO dailyblessings.curriculum_questions (isFillInTheBlank, question, curriculumId, date) VALUES (True, '''May the Lord _ you with _ for what you have done to me this day.''', (SELECT COUNT(*) FROM dailyblessings.curriculum), '2025-5-21');
INSERT INTO dailyblessings.day (date, copticDate, feast) VALUES ('2025-5-22', 'Bashans 14 1741', '');
INSERT INTO dailyblessings.curriculum_day (curriculumId, date, book, chapter, lowerVerse, upperVerse) VALUES ((SELECT COUNT(*) FROM dailyblessings.curriculum), '2025-5-22', '1 Samuel', 25, 1, 20);
INSERT INTO dailyblessings.curriculum_questions (isFillInTheBlank, question, curriculumId, date) VALUES (False, 'What was the name of the very rich man?', (SELECT COUNT(*) FROM dailyblessings.curriculum), '2025-5-22');
INSERT INTO dailyblessings.curriculum_questions (isFillInTheBlank, question, curriculumId, date) VALUES (False, 'Who was going to give David and his men bread, wine, sheep, grain, and cakes of figs?', (SELECT COUNT(*) FROM dailyblessings.curriculum), '2025-5-22');
INSERT INTO dailyblessings.day (date, copticDate, feast) VALUES ('2025-5-23', 'Bashans 15 1741', 'The Martyrdom of St.Simon the Zealot (Simon the Canaanite), one of the Twelve Apostles, 400 martyrs in Dandara');
INSERT INTO dailyblessings.curriculum_day (curriculumId, date, book, chapter, lowerVerse, upperVerse) VALUES ((SELECT COUNT(*) FROM dailyblessings.curriculum), '2025-5-23', '1 Samuel', 25, 21, 44);
INSERT INTO dailyblessings.curriculum_questions (isFillInTheBlank, question, curriculumId, date) VALUES (False, 'Who was holding a feast in his house?', (SELECT COUNT(*) FROM dailyblessings.curriculum), '2025-5-23');
INSERT INTO dailyblessings.curriculum_questions (isFillInTheBlank, question, curriculumId, date) VALUES (True, '''But Saul had given _ his daughter, Davids _, to Palti the son of Laish, who was from _''', (SELECT COUNT(*) FROM dailyblessings.curriculum), '2025-5-23');
INSERT INTO dailyblessings.day (date, copticDate, feast) VALUES ('2025-5-24', 'Bashans 16 1741', '');
INSERT INTO dailyblessings.curriculum_day (curriculumId, date, book, chapter, lowerVerse, upperVerse) VALUES ((SELECT COUNT(*) FROM dailyblessings.curriculum), '2025-5-24', '1 Samuel', 26, NULL, NULL);
INSERT INTO dailyblessings.curriculum_questions (isFillInTheBlank, question, curriculumId, date) VALUES (False, 'Write your favorite verse and what it means to you.', (SELECT COUNT(*) FROM dailyblessings.curriculum), '2025-5-24');
INSERT INTO dailyblessings.day (date, copticDate, feast) VALUES ('2025-5-25', 'Bashans 17 1741', 'The Departure of St.Epiphanius, Bishop of Cyprus');
INSERT INTO dailyblessings.curriculum_day (curriculumId, date, book, chapter, lowerVerse, upperVerse) VALUES ((SELECT COUNT(*) FROM dailyblessings.curriculum), '2025-5-25', '1 Samuel', 27, NULL, NULL);
INSERT INTO dailyblessings.curriculum_questions (isFillInTheBlank, question, curriculumId, date) VALUES (False, 'Who was David trying to escape from?', (SELECT COUNT(*) FROM dailyblessings.curriculum), '2025-5-25');
INSERT INTO dailyblessings.curriculum_questions (isFillInTheBlank, question, curriculumId, date) VALUES (False, 'How long did David dwell in the country of the Philistines?', (SELECT COUNT(*) FROM dailyblessings.curriculum), '2025-5-25');
INSERT INTO dailyblessings.day (date, copticDate, feast) VALUES ('2025-5-26', 'Bashans 18 1741', 'The Commemoration of the feast of Pentecost');
INSERT INTO dailyblessings.curriculum_day (curriculumId, date, book, chapter, lowerVerse, upperVerse) VALUES ((SELECT COUNT(*) FROM dailyblessings.curriculum), '2025-5-26', '1 Samuel', 28, NULL, NULL);
INSERT INTO dailyblessings.curriculum_questions (isFillInTheBlank, question, curriculumId, date) VALUES (False, 'Who did the Philistines want to have a war against?', (SELECT COUNT(*) FROM dailyblessings.curriculum), '2025-5-26');
INSERT INTO dailyblessings.curriculum_questions (isFillInTheBlank, question, curriculumId, date) VALUES (False, 'Who said the following: ''Therefore I have called you, that you may reveal to me what I should do.''', (SELECT COUNT(*) FROM dailyblessings.curriculum), '2025-5-26');
INSERT INTO dailyblessings.day (date, copticDate, feast) VALUES ('2025-5-27', 'Bashans 19 1741', '');
INSERT INTO dailyblessings.curriculum_day (curriculumId, date, book, chapter, lowerVerse, upperVerse) VALUES ((SELECT COUNT(*) FROM dailyblessings.curriculum), '2025-5-27', '1 Samuel', 29, NULL, NULL);
INSERT INTO dailyblessings.curriculum_questions (isFillInTheBlank, question, curriculumId, date) VALUES (True, 'Then the Princes of the _said, ''what are these _doing here?''', (SELECT COUNT(*) FROM dailyblessings.curriculum), '2025-5-27');
INSERT INTO dailyblessings.curriculum_questions (isFillInTheBlank, question, curriculumId, date) VALUES (True, '''As soon as you are up early in the _and have _, depart.''', (SELECT COUNT(*) FROM dailyblessings.curriculum), '2025-5-27');
INSERT INTO dailyblessings.day (date, copticDate, feast) VALUES ('2025-5-28', 'Bashans 20 1741', '');
INSERT INTO dailyblessings.curriculum_day (curriculumId, date, book, chapter, lowerVerse, upperVerse) VALUES ((SELECT COUNT(*) FROM dailyblessings.curriculum), '2025-5-28', '1 Samuel', 30, 1, 15);
INSERT INTO dailyblessings.curriculum_questions (isFillInTheBlank, question, curriculumId, date) VALUES (False, 'What did David and his men find when they returned to Ziklag?', (SELECT COUNT(*) FROM dailyblessings.curriculum), '2025-5-28');
INSERT INTO dailyblessings.curriculum_questions (isFillInTheBlank, question, curriculumId, date) VALUES (False, 'What did David and his men do to the Egyptian that they found in the field?', (SELECT COUNT(*) FROM dailyblessings.curriculum), '2025-5-28');
INSERT INTO dailyblessings.day (date, copticDate, feast) VALUES ('2025-5-29', 'Bashans 21 1741', 'The Holy Feast of Ascension');
INSERT INTO dailyblessings.curriculum_day (curriculumId, date, book, chapter, lowerVerse, upperVerse) VALUES ((SELECT COUNT(*) FROM dailyblessings.curriculum), '2025-5-29', '1 Samuel', 30, 16, 31);
INSERT INTO dailyblessings.curriculum_questions (isFillInTheBlank, question, curriculumId, date) VALUES (True, '''Now when David came to Ziklag, he sent some of the _ to the elders of _''', (SELECT COUNT(*) FROM dailyblessings.curriculum), '2025-5-29');
INSERT INTO dailyblessings.curriculum_questions (isFillInTheBlank, question, curriculumId, date) VALUES (True, '''Those who were in _, and to all the places where David himself and his _ were accustomed to rove.''', (SELECT COUNT(*) FROM dailyblessings.curriculum), '2025-5-29');
INSERT INTO dailyblessings.day (date, copticDate, feast) VALUES ('2025-5-30', 'Bashans 22 1741', 'The Departure of St.Andronicus, one of the Seventy Disciples');
INSERT INTO dailyblessings.curriculum_day (curriculumId, date, book, chapter, lowerVerse, upperVerse) VALUES ((SELECT COUNT(*) FROM dailyblessings.curriculum), '2025-5-30', '1 Samuel', 31, NULL, NULL);
INSERT INTO dailyblessings.curriculum_questions (isFillInTheBlank, question, curriculumId, date) VALUES (False, 'Who killed Sauls three sons?', (SELECT COUNT(*) FROM dailyblessings.curriculum), '2025-5-30');
INSERT INTO dailyblessings.curriculum_questions (isFillInTheBlank, question, curriculumId, date) VALUES (False, 'What did the inhabitants of Jabesh Gilead do when they heard what the Philistines had done to Saul?', (SELECT COUNT(*) FROM dailyblessings.curriculum), '2025-5-30');
INSERT INTO dailyblessings.day (date, copticDate, feast) VALUES ('2025-5-31', 'Bashans 23 1741', 'The Departure of St.Junia, One of the Seventy Disciples');
INSERT INTO dailyblessings.curriculum_day (curriculumId, date, book, chapter, lowerVerse, upperVerse) VALUES ((SELECT COUNT(*) FROM dailyblessings.curriculum), '2025-5-31', '2 Samuel', 1, 1, 12);
INSERT INTO dailyblessings.curriculum_questions (isFillInTheBlank, question, curriculumId, date) VALUES (False, 'Write your favorite verse and what it means to you.', (SELECT COUNT(*) FROM dailyblessings.curriculum), '2025-5-31');
INSERT INTO dailyblessings.day (date, copticDate, feast) VALUES ('2025-6-1', 'Bashans 24 1741', 'Entry of the Lord into Egypt');
INSERT INTO dailyblessings.curriculum_day (curriculumId, date, book, chapter, lowerVerse, upperVerse) VALUES ((SELECT COUNT(*) FROM dailyblessings.curriculum), '2025-6-1', '2 Samuel', 1, 13, 27);
INSERT INTO dailyblessings.curriculum_questions (isFillInTheBlank, question, curriculumId, date) VALUES (False, 'What did David do to the man who killed Saul?', (SELECT COUNT(*) FROM dailyblessings.curriculum), '2025-6-1');
INSERT INTO dailyblessings.curriculum_questions (isFillInTheBlank, question, curriculumId, date) VALUES (True, 'They were swifter than _they were stronger than _'' **', (SELECT COUNT(*) FROM dailyblessings.curriculum), '2025-6-1');
INSERT INTO dailyblessings.day (date, copticDate, feast) VALUES ('2025-6-2', 'Bashans 25 1741', '');
INSERT INTO dailyblessings.curriculum_day (curriculumId, date, book, chapter, lowerVerse, upperVerse) VALUES ((SELECT COUNT(*) FROM dailyblessings.curriculum), '2025-6-2', '2 Samuel', 2, 1, 16);
INSERT INTO dailyblessings.curriculum_questions (isFillInTheBlank, question, curriculumId, date) VALUES (False, 'Where did God tell David to go?', (SELECT COUNT(*) FROM dailyblessings.curriculum), '2025-6-2');
INSERT INTO dailyblessings.curriculum_questions (isFillInTheBlank, question, curriculumId, date) VALUES (False, 'What was the name of Sauls son who reigned as king over Israel?', (SELECT COUNT(*) FROM dailyblessings.curriculum), '2025-6-2');
INSERT INTO dailyblessings.day (date, copticDate, feast) VALUES ('2025-6-3', 'Bashans 26 1741', 'The Martyrdom of St.Thomas the Apostle');
INSERT INTO dailyblessings.curriculum_day (curriculumId, date, book, chapter, lowerVerse, upperVerse) VALUES ((SELECT COUNT(*) FROM dailyblessings.curriculum), '2025-6-3', '2 Samuel', 2, 17, 32);
INSERT INTO dailyblessings.curriculum_questions (isFillInTheBlank, question, curriculumId, date) VALUES (False, 'Whose servants won the battle?', (SELECT COUNT(*) FROM dailyblessings.curriculum), '2025-6-3');
INSERT INTO dailyblessings.curriculum_questions (isFillInTheBlank, question, curriculumId, date) VALUES (True, 'Then Abner called to Joab and said, shall the _devour forever''? **', (SELECT COUNT(*) FROM dailyblessings.curriculum), '2025-6-3');
INSERT INTO dailyblessings.day (date, copticDate, feast) VALUES ('2025-6-4', 'Bashans 27 1741', 'The Departure of Lazarus the Beloved of the Lord');
INSERT INTO dailyblessings.curriculum_day (curriculumId, date, book, chapter, lowerVerse, upperVerse) VALUES ((SELECT COUNT(*) FROM dailyblessings.curriculum), '2025-6-4', '2 Samuel', 3, 1, 20);
INSERT INTO dailyblessings.curriculum_questions (isFillInTheBlank, question, curriculumId, date) VALUES (False, 'How many sons were born to David in Hebron?', (SELECT COUNT(*) FROM dailyblessings.curriculum), '2025-6-4');
INSERT INTO dailyblessings.curriculum_questions (isFillInTheBlank, question, curriculumId, date) VALUES (True, 'For the Lord has spoken of David, saying By the hand of David I will _ My people Israel from the hand of the _ and the hand of all their _'' **', (SELECT COUNT(*) FROM dailyblessings.curriculum), '2025-6-4');
INSERT INTO dailyblessings.day (date, copticDate, feast) VALUES ('2025-6-5', 'Bashans 28 1741', '');
INSERT INTO dailyblessings.curriculum_day (curriculumId, date, book, chapter, lowerVerse, upperVerse) VALUES ((SELECT COUNT(*) FROM dailyblessings.curriculum), '2025-6-5', '2 Samuel', 3, 21, 39);
INSERT INTO dailyblessings.curriculum_questions (isFillInTheBlank, question, curriculumId, date) VALUES (False, 'Who did Joab kill?', (SELECT COUNT(*) FROM dailyblessings.curriculum), '2025-6-5');
INSERT INTO dailyblessings.curriculum_questions (isFillInTheBlank, question, curriculumId, date) VALUES (False, 'How did King David feel when he found out that Abner is dead?', (SELECT COUNT(*) FROM dailyblessings.curriculum), '2025-6-5');
INSERT INTO dailyblessings.day (date, copticDate, feast) VALUES ('2025-6-6', 'Bashans 29 1741', 'The Departure of St.Simon the Stylite');
INSERT INTO dailyblessings.curriculum_day (curriculumId, date, book, chapter, lowerVerse, upperVerse) VALUES ((SELECT COUNT(*) FROM dailyblessings.curriculum), '2025-6-6', '2 Samuel', 4, NULL, NULL);
INSERT INTO dailyblessings.curriculum_questions (isFillInTheBlank, question, curriculumId, date) VALUES (False, 'What is the name of Jonathans son who was lame in his feet?', (SELECT COUNT(*) FROM dailyblessings.curriculum), '2025-6-6');
INSERT INTO dailyblessings.curriculum_questions (isFillInTheBlank, question, curriculumId, date) VALUES (False, 'What did David command his men to do with the head of Ishbosheth?', (SELECT COUNT(*) FROM dailyblessings.curriculum), '2025-6-6');
INSERT INTO dailyblessings.day (date, copticDate, feast) VALUES ('2025-6-7', 'Bashans 30 1741', '');
INSERT INTO dailyblessings.curriculum_day (curriculumId, date, book, chapter, lowerVerse, upperVerse) VALUES ((SELECT COUNT(*) FROM dailyblessings.curriculum), '2025-6-7', '2 Samuel', 5, NULL, NULL);
INSERT INTO dailyblessings.curriculum_questions (isFillInTheBlank, question, curriculumId, date) VALUES (False, 'Write your favorite verse and what it means to you.', (SELECT COUNT(*) FROM dailyblessings.curriculum), '2025-6-7');
INSERT INTO dailyblessings.day (date, copticDate, feast) VALUES ('2025-6-8', 'Paona 1 1741', 'The Holy Pentecost Feast');
INSERT INTO dailyblessings.curriculum_day (curriculumId, date, book, chapter, lowerVerse, upperVerse) VALUES ((SELECT COUNT(*) FROM dailyblessings.curriculum), '2025-6-8', '2 Samuel', 6, NULL, NULL);
INSERT INTO dailyblessings.curriculum_questions (isFillInTheBlank, question, curriculumId, date) VALUES (False, 'Why did God strike Uzzah?', (SELECT COUNT(*) FROM dailyblessings.curriculum), '2025-6-8');
INSERT INTO dailyblessings.curriculum_questions (isFillInTheBlank, question, curriculumId, date) VALUES (False, 'Why did king David decide to go bring the ark of God from the house of Obed-Edom to the City of David?', (SELECT COUNT(*) FROM dailyblessings.curriculum), '2025-6-8');
INSERT INTO dailyblessings.day (date, copticDate, feast) VALUES ('2025-6-9', 'Paona 2 1741', 'Start of The Apostles'' Fast');
INSERT INTO dailyblessings.curriculum_day (curriculumId, date, book, chapter, lowerVerse, upperVerse) VALUES ((SELECT COUNT(*) FROM dailyblessings.curriculum), '2025-6-9', '2 Samuel', 7, 1, 17);
INSERT INTO dailyblessings.curriculum_questions (isFillInTheBlank, question, curriculumId, date) VALUES (False, 'What is the name of the prophet that King David spoke to and said ''See now, I dwell in a house of cedar, but the ark of God dwells inside tent curtains''?', (SELECT COUNT(*) FROM dailyblessings.curriculum), '2025-6-9');
INSERT INTO dailyblessings.day (date, copticDate, feast) VALUES ('2025-6-10', 'Paona 3 1741', '');
INSERT INTO dailyblessings.curriculum_day (curriculumId, date, book, chapter, lowerVerse, upperVerse) VALUES ((SELECT COUNT(*) FROM dailyblessings.curriculum), '2025-6-10', '2 Samuel', 7, 18, 29);
INSERT INTO dailyblessings.curriculum_questions (isFillInTheBlank, question, curriculumId, date) VALUES (True, 'Now, O Lord God, the word which You have spoken concerning Your _ and concerning his _, establish it forever and do as You have said.'' **', (SELECT COUNT(*) FROM dailyblessings.curriculum), '2025-6-10');
INSERT INTO dailyblessings.curriculum_questions (isFillInTheBlank, question, curriculumId, date) VALUES (True, 'And now, O Lord God, You are God, and Your words are _, and You have promised this goodness to Your _'' **', (SELECT COUNT(*) FROM dailyblessings.curriculum), '2025-6-10');
INSERT INTO dailyblessings.day (date, copticDate, feast) VALUES ('2025-6-11', 'Paona 4 1741', '');
INSERT INTO dailyblessings.curriculum_day (curriculumId, date, book, chapter, lowerVerse, upperVerse) VALUES ((SELECT COUNT(*) FROM dailyblessings.curriculum), '2025-6-11', '2 Samuel', 8, NULL, NULL);
INSERT INTO dailyblessings.curriculum_questions (isFillInTheBlank, question, curriculumId, date) VALUES (False, 'What did David take from  Hadadezer the son of Rehob?', (SELECT COUNT(*) FROM dailyblessings.curriculum), '2025-6-11');
INSERT INTO dailyblessings.curriculum_questions (isFillInTheBlank, question, curriculumId, date) VALUES (True, 'So David reigned over all Israel; and David administered _ and _ to all his people.'' **', (SELECT COUNT(*) FROM dailyblessings.curriculum), '2025-6-11');
INSERT INTO dailyblessings.day (date, copticDate, feast) VALUES ('2025-6-12', 'Paona 5 1741', 'The Departure of St.James the Oriental, the Confessor, The Martyrdom of St.Bifam');
INSERT INTO dailyblessings.curriculum_day (curriculumId, date, book, chapter, lowerVerse, upperVerse) VALUES ((SELECT COUNT(*) FROM dailyblessings.curriculum), '2025-6-12', '2 Samuel', 9, NULL, NULL);
INSERT INTO dailyblessings.curriculum_questions (isFillInTheBlank, question, curriculumId, date) VALUES (False, 'What was the name of the servant from the house of Saul?', (SELECT COUNT(*) FROM dailyblessings.curriculum), '2025-6-12');
INSERT INTO dailyblessings.curriculum_questions (isFillInTheBlank, question, curriculumId, date) VALUES (True, 'Do not fear, for I will surely show you _ for _ your fathers sake, and will restore to you all the _ of Saul your grandfather.'' **', (SELECT COUNT(*) FROM dailyblessings.curriculum), '2025-6-12');
INSERT INTO dailyblessings.day (date, copticDate, feast) VALUES ('2025-6-13', 'Paona 6 1741', 'The Martyrdom of St.Theodore, the Monk');
INSERT INTO dailyblessings.curriculum_day (curriculumId, date, book, chapter, lowerVerse, upperVerse) VALUES ((SELECT COUNT(*) FROM dailyblessings.curriculum), '2025-6-13', '2 Samuel', 10, NULL, NULL);
INSERT INTO dailyblessings.curriculum_questions (isFillInTheBlank, question, curriculumId, date) VALUES (False, 'What did Hanun do to Davids servants?', (SELECT COUNT(*) FROM dailyblessings.curriculum), '2025-6-13');
INSERT INTO dailyblessings.curriculum_questions (isFillInTheBlank, question, curriculumId, date) VALUES (True, 'And when all the kings who were servants to _saw that they were defeated by Israel, they made _ with Israel and served them.'' **', (SELECT COUNT(*) FROM dailyblessings.curriculum), '2025-6-13');
INSERT INTO dailyblessings.day (date, copticDate, feast) VALUES ('2025-6-14', 'Paona 7 1741', '');
INSERT INTO dailyblessings.curriculum_day (curriculumId, date, book, chapter, lowerVerse, upperVerse) VALUES ((SELECT COUNT(*) FROM dailyblessings.curriculum), '2025-6-14', '2 Samuel', 11, 1, 11);
INSERT INTO dailyblessings.curriculum_questions (isFillInTheBlank, question, curriculumId, date) VALUES (False, 'Write your favorite verse and what it means to you.', (SELECT COUNT(*) FROM dailyblessings.curriculum), '2025-6-14');
INSERT INTO dailyblessings.day (date, copticDate, feast) VALUES ('2025-6-15', 'Paona 8 1741', '');
INSERT INTO dailyblessings.curriculum_day (curriculumId, date, book, chapter, lowerVerse, upperVerse) VALUES ((SELECT COUNT(*) FROM dailyblessings.curriculum), '2025-6-15', '2 Samuel', 11, 12, 27);
INSERT INTO dailyblessings.curriculum_questions (isFillInTheBlank, question, curriculumId, date) VALUES (False, 'Why did king David want Joab to put Uriah in the forefront of the hottest battle?', (SELECT COUNT(*) FROM dailyblessings.curriculum), '2025-6-15');
INSERT INTO dailyblessings.curriculum_questions (isFillInTheBlank, question, curriculumId, date) VALUES (False, 'What happened to Uriah the Hittitie during the war?', (SELECT COUNT(*) FROM dailyblessings.curriculum), '2025-6-15');
INSERT INTO dailyblessings.day (date, copticDate, feast) VALUES ('2025-6-16', 'Paona 9 1741', 'The Departure of Samuel the Prophet');
INSERT INTO dailyblessings.curriculum_day (curriculumId, date, book, chapter, lowerVerse, upperVerse) VALUES ((SELECT COUNT(*) FROM dailyblessings.curriculum), '2025-6-16', '2 Samuel', 12, 1, 15);
INSERT INTO dailyblessings.curriculum_questions (isFillInTheBlank, question, curriculumId, date) VALUES (False, 'Who was the prophet that God sent to David?', (SELECT COUNT(*) FROM dailyblessings.curriculum), '2025-6-16');
INSERT INTO dailyblessings.curriculum_questions (isFillInTheBlank, question, curriculumId, date) VALUES (False, 'What did the prohet say would happen because of David''s sin?', (SELECT COUNT(*) FROM dailyblessings.curriculum), '2025-6-16');
INSERT INTO dailyblessings.day (date, copticDate, feast) VALUES ('2025-6-17', 'Paona 10 1741', '');
INSERT INTO dailyblessings.curriculum_day (curriculumId, date, book, chapter, lowerVerse, upperVerse) VALUES ((SELECT COUNT(*) FROM dailyblessings.curriculum), '2025-6-17', '2 Samuel', 12, 16, 31);
INSERT INTO dailyblessings.curriculum_questions (isFillInTheBlank, question, curriculumId, date) VALUES (False, 'What did King David do when he found out?', (SELECT COUNT(*) FROM dailyblessings.curriculum), '2025-6-17');
INSERT INTO dailyblessings.curriculum_questions (isFillInTheBlank, question, curriculumId, date) VALUES (True, 'Then he took their kings _ from his head. Its weight was a talent of gold, with precious stones. And it was set on _ head.'' **', (SELECT COUNT(*) FROM dailyblessings.curriculum), '2025-6-17');
INSERT INTO dailyblessings.day (date, copticDate, feast) VALUES ('2025-6-18', 'Paona 11 1741', 'The Martyrdom of St.Claudius');
INSERT INTO dailyblessings.curriculum_day (curriculumId, date, book, chapter, lowerVerse, upperVerse) VALUES ((SELECT COUNT(*) FROM dailyblessings.curriculum), '2025-6-18', '2 Samuel', 13, 1, 20);
INSERT INTO dailyblessings.curriculum_questions (isFillInTheBlank, question, curriculumId, date) VALUES (False, 'What is the name of Absaloms sister?', (SELECT COUNT(*) FROM dailyblessings.curriculum), '2025-6-18');
INSERT INTO dailyblessings.curriculum_questions (isFillInTheBlank, question, curriculumId, date) VALUES (True, 'So that the hatred with which he hated her was greater than the _ with which he had loved her'' **', (SELECT COUNT(*) FROM dailyblessings.curriculum), '2025-6-18');
INSERT INTO dailyblessings.day (date, copticDate, feast) VALUES ('2025-6-19', 'Paona 12 1741', 'The Commemoration of Archangel Michael, The Departure of St.Euphemia');
INSERT INTO dailyblessings.curriculum_day (curriculumId, date, book, chapter, lowerVerse, upperVerse) VALUES ((SELECT COUNT(*) FROM dailyblessings.curriculum), '2025-6-19', '2 Samuel', 13, 21, 39);
INSERT INTO dailyblessings.curriculum_questions (isFillInTheBlank, question, curriculumId, date) VALUES (False, 'What did Absalom do to Amnon?', (SELECT COUNT(*) FROM dailyblessings.curriculum), '2025-6-19');
INSERT INTO dailyblessings.curriculum_questions (isFillInTheBlank, question, curriculumId, date) VALUES (False, 'How long was Absalom at Geshur?', (SELECT COUNT(*) FROM dailyblessings.curriculum), '2025-6-19');
INSERT INTO dailyblessings.day (date, copticDate, feast) VALUES ('2025-6-20', 'Paona 13 1741', 'The Commemoration of the Archangel Gabriel, the Announcer');
INSERT INTO dailyblessings.curriculum_day (curriculumId, date, book, chapter, lowerVerse, upperVerse) VALUES ((SELECT COUNT(*) FROM dailyblessings.curriculum), '2025-6-20', '2 Samuel', 14, 1, 14);
INSERT INTO dailyblessings.curriculum_questions (isFillInTheBlank, question, curriculumId, date) VALUES (True, 'And when the woman of _ spoke to the king, she fell on her face to the ground and _ herself, and said, ''Help, O _ !'' **', (SELECT COUNT(*) FROM dailyblessings.curriculum), '2025-6-20');
INSERT INTO dailyblessings.curriculum_questions (isFillInTheBlank, question, curriculumId, date) VALUES (False, 'What did the woman of Tekoa pretend that her problem was?', (SELECT COUNT(*) FROM dailyblessings.curriculum), '2025-6-20');
INSERT INTO dailyblessings.day (date, copticDate, feast) VALUES ('2025-6-21', 'Paona 14 1741', '');
INSERT INTO dailyblessings.curriculum_day (curriculumId, date, book, chapter, lowerVerse, upperVerse) VALUES ((SELECT COUNT(*) FROM dailyblessings.curriculum), '2025-6-21', '2 Samuel', 14, 15, 33);
INSERT INTO dailyblessings.curriculum_questions (isFillInTheBlank, question, curriculumId, date) VALUES (False, 'Write your favorite verse and what it means to you.', (SELECT COUNT(*) FROM dailyblessings.curriculum), '2025-6-21');
INSERT INTO dailyblessings.day (date, copticDate, feast) VALUES ('2025-6-22', 'Paona 15 1741', '');
INSERT INTO dailyblessings.curriculum_day (curriculumId, date, book, chapter, lowerVerse, upperVerse) VALUES ((SELECT COUNT(*) FROM dailyblessings.curriculum), '2025-6-22', '2 Samuel', 15, 1, 16);
INSERT INTO dailyblessings.curriculum_questions (isFillInTheBlank, question, curriculumId, date) VALUES (True, 'As soon as you hear the sound of the _, then you shall say, _ reigns in Hebron! '' **', (SELECT COUNT(*) FROM dailyblessings.curriculum), '2025-6-22');
INSERT INTO dailyblessings.curriculum_questions (isFillInTheBlank, question, curriculumId, date) VALUES (False, 'Who did king David flee from?', (SELECT COUNT(*) FROM dailyblessings.curriculum), '2025-6-22');
INSERT INTO dailyblessings.day (date, copticDate, feast) VALUES ('2025-6-23', 'Paona 16 1741', 'The Departure of Abba Nofer the Anchorite');
INSERT INTO dailyblessings.curriculum_day (curriculumId, date, book, chapter, lowerVerse, upperVerse) VALUES ((SELECT COUNT(*) FROM dailyblessings.curriculum), '2025-6-23', '2 Samuel', 15, 17, 37);
INSERT INTO dailyblessings.curriculum_questions (isFillInTheBlank, question, curriculumId, date) VALUES (False, 'How many men followed king David from Gath?', (SELECT COUNT(*) FROM dailyblessings.curriculum), '2025-6-23');
INSERT INTO dailyblessings.curriculum_questions (isFillInTheBlank, question, curriculumId, date) VALUES (False, 'What did king David ask Hushai the Archite to do?', (SELECT COUNT(*) FROM dailyblessings.curriculum), '2025-6-23');
INSERT INTO dailyblessings.day (date, copticDate, feast) VALUES ('2025-6-24', 'Paona 17 1741', 'The Departure of St.Latsoun el-Bahnasawy');
INSERT INTO dailyblessings.curriculum_day (curriculumId, date, book, chapter, lowerVerse, upperVerse) VALUES ((SELECT COUNT(*) FROM dailyblessings.curriculum), '2025-6-24', '2 Samuel', 16, NULL, NULL);
INSERT INTO dailyblessings.curriculum_questions (isFillInTheBlank, question, curriculumId, date) VALUES (False, 'What did Ziba bring to king David?', (SELECT COUNT(*) FROM dailyblessings.curriculum), '2025-6-24');
INSERT INTO dailyblessings.curriculum_questions (isFillInTheBlank, question, curriculumId, date) VALUES (False, 'Did Ahithophel give good or bad advice?', (SELECT COUNT(*) FROM dailyblessings.curriculum), '2025-6-24');
INSERT INTO dailyblessings.day (date, copticDate, feast) VALUES ('2025-6-25', 'Paona 18 1741', '');
INSERT INTO dailyblessings.curriculum_day (curriculumId, date, book, chapter, lowerVerse, upperVerse) VALUES ((SELECT COUNT(*) FROM dailyblessings.curriculum), '2025-6-25', '2 Samuel', 17, 1, 14);
INSERT INTO dailyblessings.curriculum_questions (isFillInTheBlank, question, curriculumId, date) VALUES (False, 'Who did Ahithophel and Absalom want to kill?', (SELECT COUNT(*) FROM dailyblessings.curriculum), '2025-6-25');
INSERT INTO dailyblessings.curriculum_questions (isFillInTheBlank, question, curriculumId, date) VALUES (False, 'Did Hushai agree with Ahithophels advice?', (SELECT COUNT(*) FROM dailyblessings.curriculum), '2025-6-25');
INSERT INTO dailyblessings.day (date, copticDate, feast) VALUES ('2025-6-26', 'Paona 19 1741', '');
INSERT INTO dailyblessings.curriculum_day (curriculumId, date, book, chapter, lowerVerse, upperVerse) VALUES ((SELECT COUNT(*) FROM dailyblessings.curriculum), '2025-6-26', '2 Samuel', 17, 15, 29);
INSERT INTO dailyblessings.curriculum_questions (isFillInTheBlank, question, curriculumId, date) VALUES (True, 'Arise and cross over the _ quickly. For thus has Ahithophel advised _ you.'' **', (SELECT COUNT(*) FROM dailyblessings.curriculum), '2025-6-26');
INSERT INTO dailyblessings.curriculum_questions (isFillInTheBlank, question, curriculumId, date) VALUES (False, 'What did Ahithophel do when he saw that his advice was not followed?', (SELECT COUNT(*) FROM dailyblessings.curriculum), '2025-6-26');
INSERT INTO dailyblessings.day (date, copticDate, feast) VALUES ('2025-6-27', 'Paona 20 1741', 'The Departure of Elisha, the Prophet');
INSERT INTO dailyblessings.curriculum_day (curriculumId, date, book, chapter, lowerVerse, upperVerse) VALUES ((SELECT COUNT(*) FROM dailyblessings.curriculum), '2025-6-27', '2 Samuel', 18, 1, 18);
INSERT INTO dailyblessings.curriculum_questions (isFillInTheBlank, question, curriculumId, date) VALUES (False, 'What did king David command Joab, Abishai, and Ittai regarding Absalom?', (SELECT COUNT(*) FROM dailyblessings.curriculum), '2025-6-27');
INSERT INTO dailyblessings.curriculum_questions (isFillInTheBlank, question, curriculumId, date) VALUES (False, 'What did they do with Absalom after he died?', (SELECT COUNT(*) FROM dailyblessings.curriculum), '2025-6-27');
INSERT INTO dailyblessings.day (date, copticDate, feast) VALUES ('2025-6-28', 'Paona 21 1741', '');
INSERT INTO dailyblessings.curriculum_day (curriculumId, date, book, chapter, lowerVerse, upperVerse) VALUES ((SELECT COUNT(*) FROM dailyblessings.curriculum), '2025-6-28', '2 Samuel', 18, 19, 32);
INSERT INTO dailyblessings.curriculum_questions (isFillInTheBlank, question, curriculumId, date) VALUES (False, 'Write your favorite verse and what it means to you.', (SELECT COUNT(*) FROM dailyblessings.curriculum), '2025-6-28');
INSERT INTO dailyblessings.day (date, copticDate, feast) VALUES ('2025-6-29', 'Paona 22 1741', '');
INSERT INTO dailyblessings.curriculum_day (curriculumId, date, book, chapter, lowerVerse, upperVerse) VALUES ((SELECT COUNT(*) FROM dailyblessings.curriculum), '2025-6-29', '2 Samuel', 19, 1, 20);
INSERT INTO dailyblessings.curriculum_questions (isFillInTheBlank, question, curriculumId, date) VALUES (True, 'Now therefore, arise, go out and speak _ to your servants. For I swear by the Lord, if you do not go out, not one will stay with you this _'' **', (SELECT COUNT(*) FROM dailyblessings.curriculum), '2025-6-29');
INSERT INTO dailyblessings.curriculum_questions (isFillInTheBlank, question, curriculumId, date) VALUES (False, 'Did king David want to kill Shimei?', (SELECT COUNT(*) FROM dailyblessings.curriculum), '2025-6-29');
INSERT INTO dailyblessings.day (date, copticDate, feast) VALUES ('2025-6-30', 'Paona 23 1741', 'The Departure of St.Abba Nouub the Confessor');
INSERT INTO dailyblessings.curriculum_day (curriculumId, date, book, chapter, lowerVerse, upperVerse) VALUES ((SELECT COUNT(*) FROM dailyblessings.curriculum), '2025-6-30', '2 Samuel', 19, 21, 43);
INSERT INTO dailyblessings.curriculum_questions (isFillInTheBlank, question, curriculumId, date) VALUES (False, 'Did Brazillai agree to go across the Jordan with king David?', (SELECT COUNT(*) FROM dailyblessings.curriculum), '2025-6-30');
INSERT INTO dailyblessings.curriculum_questions (isFillInTheBlank, question, curriculumId, date) VALUES (True, 'We have ten _ in the king; therefore we also have more _ to David than you.'' **', (SELECT COUNT(*) FROM dailyblessings.curriculum), '2025-6-30');
INSERT INTO dailyblessings.day (date, copticDate, feast) VALUES ('2025-7-1', 'Paona 24 1741', 'The Martyrdom of the Mighty Saint Abba Moses the Ethiopian');
INSERT INTO dailyblessings.curriculum_day (curriculumId, date, book, chapter, lowerVerse, upperVerse) VALUES ((SELECT COUNT(*) FROM dailyblessings.curriculum), '2025-7-1', '2 Samuel', 20, NULL, NULL);
INSERT INTO dailyblessings.curriculum_questions (isFillInTheBlank, question, curriculumId, date) VALUES (True, 'And the king took the ten women, his _ whom he had left to keep the house, and put them in _ and supported them'' **', (SELECT COUNT(*) FROM dailyblessings.curriculum), '2025-7-1');
INSERT INTO dailyblessings.curriculum_questions (isFillInTheBlank, question, curriculumId, date) VALUES (False, 'What were the names of the two priests of Israel?', (SELECT COUNT(*) FROM dailyblessings.curriculum), '2025-7-1');
INSERT INTO dailyblessings.day (date, copticDate, feast) VALUES ('2025-7-2', 'Paona 25 1741', '');
INSERT INTO dailyblessings.curriculum_day (curriculumId, date, book, chapter, lowerVerse, upperVerse) VALUES ((SELECT COUNT(*) FROM dailyblessings.curriculum), '2025-7-2', '2 Samuel', 21, NULL, NULL);
INSERT INTO dailyblessings.curriculum_questions (isFillInTheBlank, question, curriculumId, date) VALUES (False, 'How long was the famine and why did it occur?', (SELECT COUNT(*) FROM dailyblessings.curriculum), '2025-7-2');
INSERT INTO dailyblessings.curriculum_questions (isFillInTheBlank, question, curriculumId, date) VALUES (False, 'How many giants did the Philistines have? What happened to them?', (SELECT COUNT(*) FROM dailyblessings.curriculum), '2025-7-2');
INSERT INTO dailyblessings.day (date, copticDate, feast) VALUES ('2025-7-3', 'Paona 26 1741', '');
INSERT INTO dailyblessings.curriculum_day (curriculumId, date, book, chapter, lowerVerse, upperVerse) VALUES ((SELECT COUNT(*) FROM dailyblessings.curriculum), '2025-7-3', '2 Samuel', 22, 1, 25);
INSERT INTO dailyblessings.curriculum_questions (isFillInTheBlank, question, curriculumId, date) VALUES (True, 'The Lord is my _ and my fortress and my deliverer; The God of my _, in whom I will trust; My shield and the horn of my _'' **', (SELECT COUNT(*) FROM dailyblessings.curriculum), '2025-7-3');
INSERT INTO dailyblessings.day (date, copticDate, feast) VALUES ('2025-7-4', 'Paona 27 1741', 'The Martyrdom of St.Ananias, the Apostle');
INSERT INTO dailyblessings.curriculum_day (curriculumId, date, book, chapter, lowerVerse, upperVerse) VALUES ((SELECT COUNT(*) FROM dailyblessings.curriculum), '2025-7-4', '2 Samuel', 22, 26, 51);
INSERT INTO dailyblessings.curriculum_questions (isFillInTheBlank, question, curriculumId, date) VALUES (False, 'What does verse 29-31 mean to you?', (SELECT COUNT(*) FROM dailyblessings.curriculum), '2025-7-4');
INSERT INTO dailyblessings.curriculum_questions (isFillInTheBlank, question, curriculumId, date) VALUES (False, 'What is King David doing in the last 5 verses?', (SELECT COUNT(*) FROM dailyblessings.curriculum), '2025-7-4');
INSERT INTO dailyblessings.day (date, copticDate, feast) VALUES ('2025-7-5', 'Paona 28 1741', '');
INSERT INTO dailyblessings.curriculum_day (curriculumId, date, book, chapter, lowerVerse, upperVerse) VALUES ((SELECT COUNT(*) FROM dailyblessings.curriculum), '2025-7-5', '2 Samuel', 23, 1, 19);
INSERT INTO dailyblessings.curriculum_questions (isFillInTheBlank, question, curriculumId, date) VALUES (False, 'Write your favorite verse and what it means to you.', (SELECT COUNT(*) FROM dailyblessings.curriculum), '2025-7-5');
INSERT INTO dailyblessings.day (date, copticDate, feast) VALUES ('2025-7-6', 'Paona 29 1741', 'The Martyrdom of the Seven Ascetics in Tounah Mount');
INSERT INTO dailyblessings.curriculum_day (curriculumId, date, book, chapter, lowerVerse, upperVerse) VALUES ((SELECT COUNT(*) FROM dailyblessings.curriculum), '2025-7-6', 'Psalm', 17, NULL, NULL);
INSERT INTO dailyblessings.curriculum_questions (isFillInTheBlank, question, curriculumId, date) VALUES (False, 'What was your favorite verse and why?', (SELECT COUNT(*) FROM dailyblessings.curriculum), '2025-7-6');
INSERT INTO dailyblessings.day (date, copticDate, feast) VALUES ('2025-7-7', 'Paona 30 1741', 'The Nativity of St.John, the Baptist');
INSERT INTO dailyblessings.curriculum_day (curriculumId, date, book, chapter, lowerVerse, upperVerse) VALUES ((SELECT COUNT(*) FROM dailyblessings.curriculum), '2025-7-7', '2 Samuel', 24, 1, 13);
INSERT INTO dailyblessings.curriculum_questions (isFillInTheBlank, question, curriculumId, date) VALUES (False, 'What did God ask King David to do?', (SELECT COUNT(*) FROM dailyblessings.curriculum), '2025-7-7');
INSERT INTO dailyblessings.curriculum_questions (isFillInTheBlank, question, curriculumId, date) VALUES (False, 'What were the three options that the prophet Gad gave to David from God?', (SELECT COUNT(*) FROM dailyblessings.curriculum), '2025-7-7');
INSERT INTO dailyblessings.day (date, copticDate, feast) VALUES ('2025-7-8', 'Abib 1 1741', 'The Martyrdom of St.Febronia, the Ascetic');
INSERT INTO dailyblessings.curriculum_day (curriculumId, date, book, chapter, lowerVerse, upperVerse) VALUES ((SELECT COUNT(*) FROM dailyblessings.curriculum), '2025-7-8', '2 Samuel', 24, 14, 25);
INSERT INTO dailyblessings.curriculum_questions (isFillInTheBlank, question, curriculumId, date) VALUES (False, 'Which of the three happened to Israel?', (SELECT COUNT(*) FROM dailyblessings.curriculum), '2025-7-8');
INSERT INTO dailyblessings.curriculum_questions (isFillInTheBlank, question, curriculumId, date) VALUES (False, 'What did David do to withdraw the plague on Israel?', (SELECT COUNT(*) FROM dailyblessings.curriculum), '2025-7-8');
INSERT INTO dailyblessings.day (date, copticDate, feast) VALUES ('2025-7-9', 'Abib 2 1741', 'The Departure of St.Jude, the Apostle');
INSERT INTO dailyblessings.curriculum_day (curriculumId, date, book, chapter, lowerVerse, upperVerse) VALUES ((SELECT COUNT(*) FROM dailyblessings.curriculum), '2025-7-9', 'Daniel', 1, NULL, NULL);
INSERT INTO dailyblessings.curriculum_questions (isFillInTheBlank, question, curriculumId, date) VALUES (False, 'How many sons did Judah have and what were their names?', (SELECT COUNT(*) FROM dailyblessings.curriculum), '2025-7-9');
INSERT INTO dailyblessings.curriculum_questions (isFillInTheBlank, question, curriculumId, date) VALUES (False, 'What happened after the 10 days when Daniel told the steward to test his servants?', (SELECT COUNT(*) FROM dailyblessings.curriculum), '2025-7-9');
INSERT INTO dailyblessings.day (date, copticDate, feast) VALUES ('2025-7-10', 'Abib 3 1741', '');
INSERT INTO dailyblessings.curriculum_day (curriculumId, date, book, chapter, lowerVerse, upperVerse) VALUES ((SELECT COUNT(*) FROM dailyblessings.curriculum), '2025-7-10', 'Daniel', 2, 1, 23);
INSERT INTO dailyblessings.curriculum_questions (isFillInTheBlank, question, curriculumId, date) VALUES (False, 'What caused the king to be angry and commanded that all the wise men of Babylon be killed?', (SELECT COUNT(*) FROM dailyblessings.curriculum), '2025-7-10');
INSERT INTO dailyblessings.curriculum_questions (isFillInTheBlank, question, curriculumId, date) VALUES (False, 'How was the kings secret revealed to Daniel?', (SELECT COUNT(*) FROM dailyblessings.curriculum), '2025-7-10');
INSERT INTO dailyblessings.day (date, copticDate, feast) VALUES ('2025-7-11', 'Abib 4 1741', '');
INSERT INTO dailyblessings.curriculum_day (curriculumId, date, book, chapter, lowerVerse, upperVerse) VALUES ((SELECT COUNT(*) FROM dailyblessings.curriculum), '2025-7-11', 'Daniel', 2, 24, 49);
INSERT INTO dailyblessings.curriculum_questions (isFillInTheBlank, question, curriculumId, date) VALUES (False, 'Describe Daniel''s vision of the secret.', (SELECT COUNT(*) FROM dailyblessings.curriculum), '2025-7-11');
INSERT INTO dailyblessings.curriculum_questions (isFillInTheBlank, question, curriculumId, date) VALUES (False, 'How did king Nebuchadnezzar react to Daniels vision?', (SELECT COUNT(*) FROM dailyblessings.curriculum), '2025-7-11');
INSERT INTO dailyblessings.day (date, copticDate, feast) VALUES ('2025-7-12', 'Abib 5 1741', 'The Apostles'' Feast (Martyrdom of St. Peter & St. Paul)');
INSERT INTO dailyblessings.curriculum_day (curriculumId, date, book, chapter, lowerVerse, upperVerse) VALUES ((SELECT COUNT(*) FROM dailyblessings.curriculum), '2025-7-12', 'Daniel', 3, 1, 15);
INSERT INTO dailyblessings.curriculum_questions (isFillInTheBlank, question, curriculumId, date) VALUES (False, 'Write your favorite verse and what it means to you.', (SELECT COUNT(*) FROM dailyblessings.curriculum), '2025-7-12');
INSERT INTO dailyblessings.day (date, copticDate, feast) VALUES ('2025-7-13', 'Abib 6 1741', 'The Martyrdom of St.Theodosia and her companions');
INSERT INTO dailyblessings.curriculum_day (curriculumId, date, book, chapter, lowerVerse, upperVerse) VALUES ((SELECT COUNT(*) FROM dailyblessings.curriculum), '2025-7-13', 'Daniel', 3, 16, 30);
INSERT INTO dailyblessings.curriculum_questions (isFillInTheBlank, question, curriculumId, date) VALUES (False, 'Who was the fourth man that the king saw in the firery furnace with Shadrach, Meshach, and Abed-Nego?', (SELECT COUNT(*) FROM dailyblessings.curriculum), '2025-7-13');
INSERT INTO dailyblessings.day (date, copticDate, feast) VALUES ('2025-7-14', 'Abib 7 1741', 'The Departure of St.Shenouda, the Archimandrite');
INSERT INTO dailyblessings.curriculum_day (curriculumId, date, book, chapter, lowerVerse, upperVerse) VALUES ((SELECT COUNT(*) FROM dailyblessings.curriculum), '2025-7-14', 'Daniel', 4, 1, 18);
INSERT INTO dailyblessings.curriculum_questions (isFillInTheBlank, question, curriculumId, date) VALUES (False, 'Explain the vision that king Nebuchadnezzar saw in his dream.', (SELECT COUNT(*) FROM dailyblessings.curriculum), '2025-7-14');
INSERT INTO dailyblessings.curriculum_questions (isFillInTheBlank, question, curriculumId, date) VALUES (False, 'What did he ask Daniel (Belteshazzar) to do?', (SELECT COUNT(*) FROM dailyblessings.curriculum), '2025-7-14');
INSERT INTO dailyblessings.day (date, copticDate, feast) VALUES ('2025-7-15', 'Abib 8 1741', '');
INSERT INTO dailyblessings.curriculum_day (curriculumId, date, book, chapter, lowerVerse, upperVerse) VALUES ((SELECT COUNT(*) FROM dailyblessings.curriculum), '2025-7-15', 'Daniel', 4, 19, 37);
INSERT INTO dailyblessings.curriculum_questions (isFillInTheBlank, question, curriculumId, date) VALUES (False, 'What advice did Daniel give the king after telling him the interpretation of his dream?', (SELECT COUNT(*) FROM dailyblessings.curriculum), '2025-7-15');
INSERT INTO dailyblessings.curriculum_questions (isFillInTheBlank, question, curriculumId, date) VALUES (False, 'At the end of the chapter, did king Nebuchadnezzar praise God?', (SELECT COUNT(*) FROM dailyblessings.curriculum), '2025-7-15');
INSERT INTO dailyblessings.day (date, copticDate, feast) VALUES ('2025-7-16', 'Abib 9 1741', 'The Martyrdom of St.Simon son of Clopas, the Apostle and Bishop of Jerusalem');
INSERT INTO dailyblessings.curriculum_day (curriculumId, date, book, chapter, lowerVerse, upperVerse) VALUES ((SELECT COUNT(*) FROM dailyblessings.curriculum), '2025-7-16', 'Daniel', 5, 1, 12);
INSERT INTO dailyblessings.curriculum_questions (isFillInTheBlank, question, curriculumId, date) VALUES (False, 'What was the reward that the king Belshazzar would grant to whoever interpreted the writing?', (SELECT COUNT(*) FROM dailyblessings.curriculum), '2025-7-16');
INSERT INTO dailyblessings.curriculum_questions (isFillInTheBlank, question, curriculumId, date) VALUES (True, 'The queen, because of the words of the king and his lords, came to the banquet hall. The queen spoke, saying, _! Do not let your thoughts _ you, nor let your _change.'' **', (SELECT COUNT(*) FROM dailyblessings.curriculum), '2025-7-16');
INSERT INTO dailyblessings.day (date, copticDate, feast) VALUES ('2025-7-17', 'Abib 10 1741', 'The Martyrdom of St.Theordore, Bishop of Pentapolis');
INSERT INTO dailyblessings.curriculum_day (curriculumId, date, book, chapter, lowerVerse, upperVerse) VALUES ((SELECT COUNT(*) FROM dailyblessings.curriculum), '2025-7-17', 'Daniel', 5, 13, 31);
INSERT INTO dailyblessings.curriculum_questions (isFillInTheBlank, question, curriculumId, date) VALUES (False, 'Why did the king want Daniel to interpret the writing?', (SELECT COUNT(*) FROM dailyblessings.curriculum), '2025-7-17');
INSERT INTO dailyblessings.curriculum_questions (isFillInTheBlank, question, curriculumId, date) VALUES (False, 'What was the interpretation for the word TEKEL?', (SELECT COUNT(*) FROM dailyblessings.curriculum), '2025-7-17');
INSERT INTO dailyblessings.day (date, copticDate, feast) VALUES ('2025-7-18', 'Abib 11 1741', 'The Martyrdom of Sts.John and Simon, his cousin');
INSERT INTO dailyblessings.curriculum_day (curriculumId, date, book, chapter, lowerVerse, upperVerse) VALUES ((SELECT COUNT(*) FROM dailyblessings.curriculum), '2025-7-18', 'Daniel', 6, 1, 17);
INSERT INTO dailyblessings.curriculum_questions (isFillInTheBlank, question, curriculumId, date) VALUES (True, 'All the governors of the kingdom, the administrators and satraps, the counselors and advisors, have consulted together to establish a _ and to make a firm _, that whoever _any god or man for thirty days, except you, O king, shall be cast into the _'' **', (SELECT COUNT(*) FROM dailyblessings.curriculum), '2025-7-18');
INSERT INTO dailyblessings.curriculum_questions (isFillInTheBlank, question, curriculumId, date) VALUES (False, 'Why did king Damaris put Daniel into the lions den?', (SELECT COUNT(*) FROM dailyblessings.curriculum), '2025-7-18');
INSERT INTO dailyblessings.day (date, copticDate, feast) VALUES ('2025-7-19', 'Abib 12 1741', 'The Commemoration of Archangel Michael');
INSERT INTO dailyblessings.curriculum_day (curriculumId, date, book, chapter, lowerVerse, upperVerse) VALUES ((SELECT COUNT(*) FROM dailyblessings.curriculum), '2025-7-19', 'Daniel', 6, 18, 28);
INSERT INTO dailyblessings.curriculum_questions (isFillInTheBlank, question, curriculumId, date) VALUES (False, 'Write your favorite verse and what it means to you.', (SELECT COUNT(*) FROM dailyblessings.curriculum), '2025-7-19');
INSERT INTO dailyblessings.day (date, copticDate, feast) VALUES ('2025-7-20', 'Abib 13 1741', '');
INSERT INTO dailyblessings.curriculum_day (curriculumId, date, book, chapter, lowerVerse, upperVerse) VALUES ((SELECT COUNT(*) FROM dailyblessings.curriculum), '2025-7-20', 'Daniel', 7, 1, 14);
INSERT INTO dailyblessings.curriculum_questions (isFillInTheBlank, question, curriculumId, date) VALUES (False, 'How many beasts did Daniel see in his vision?', (SELECT COUNT(*) FROM dailyblessings.curriculum), '2025-7-20');
INSERT INTO dailyblessings.curriculum_questions (isFillInTheBlank, question, curriculumId, date) VALUES (False, 'Describe each of the beasts.', (SELECT COUNT(*) FROM dailyblessings.curriculum), '2025-7-20');
INSERT INTO dailyblessings.day (date, copticDate, feast) VALUES ('2025-7-21', 'Abib 14 1741', 'The Martyrdom of St.Proconius of Jerusalem');
INSERT INTO dailyblessings.curriculum_day (curriculumId, date, book, chapter, lowerVerse, upperVerse) VALUES ((SELECT COUNT(*) FROM dailyblessings.curriculum), '2025-7-21', 'Daniel', 7, 15, 28);
INSERT INTO dailyblessings.curriculum_questions (isFillInTheBlank, question, curriculumId, date) VALUES (False, 'What was the first interpretation of the four beasts in Daniels vision?', (SELECT COUNT(*) FROM dailyblessings.curriculum), '2025-7-21');
INSERT INTO dailyblessings.curriculum_questions (isFillInTheBlank, question, curriculumId, date) VALUES (False, 'What was the true interpretation of the four beasts in Daniels vision?', (SELECT COUNT(*) FROM dailyblessings.curriculum), '2025-7-21');
INSERT INTO dailyblessings.day (date, copticDate, feast) VALUES ('2025-7-22', 'Abib 15 1741', 'The Departure of St.Ephrem the Syrian');
INSERT INTO dailyblessings.curriculum_day (curriculumId, date, book, chapter, lowerVerse, upperVerse) VALUES ((SELECT COUNT(*) FROM dailyblessings.curriculum), '2025-7-22', 'Daniel', 8, 1, 14);
INSERT INTO dailyblessings.curriculum_questions (isFillInTheBlank, question, curriculumId, date) VALUES (False, 'Describe the two animals that Daniel saw in his vision.', (SELECT COUNT(*) FROM dailyblessings.curriculum), '2025-7-22');
INSERT INTO dailyblessings.day (date, copticDate, feast) VALUES ('2025-7-23', 'Abib 16 1741', 'The Departure of St.John, the Owner of the Golden Gospel');
INSERT INTO dailyblessings.curriculum_day (curriculumId, date, book, chapter, lowerVerse, upperVerse) VALUES ((SELECT COUNT(*) FROM dailyblessings.curriculum), '2025-7-23', 'Daniel', 8, 15, 27);
INSERT INTO dailyblessings.curriculum_questions (isFillInTheBlank, question, curriculumId, date) VALUES (False, 'What did Gabriel say this vision represents?', (SELECT COUNT(*) FROM dailyblessings.curriculum), '2025-7-23');
INSERT INTO dailyblessings.curriculum_questions (isFillInTheBlank, question, curriculumId, date) VALUES (False, 'What nations did the animals represent?', (SELECT COUNT(*) FROM dailyblessings.curriculum), '2025-7-23');
INSERT INTO dailyblessings.day (date, copticDate, feast) VALUES ('2025-7-24', 'Abib 17 1741', 'The Martyrdom of St.Euphemia');
INSERT INTO dailyblessings.curriculum_day (curriculumId, date, book, chapter, lowerVerse, upperVerse) VALUES ((SELECT COUNT(*) FROM dailyblessings.curriculum), '2025-7-24', 'Daniel', 9, NULL, NULL);
INSERT INTO dailyblessings.curriculum_questions (isFillInTheBlank, question, curriculumId, date) VALUES (False, 'What did you learn from the humility of Daniel''s prayer?', (SELECT COUNT(*) FROM dailyblessings.curriculum), '2025-7-24');
INSERT INTO dailyblessings.day (date, copticDate, feast) VALUES ('2025-7-25', 'Abib 18 1741', 'The Martyrdom of St.James the Apostle, the Brother of the Lord, Bishop of Jerusalem');
INSERT INTO dailyblessings.curriculum_day (curriculumId, date, book, chapter, lowerVerse, upperVerse) VALUES ((SELECT COUNT(*) FROM dailyblessings.curriculum), '2025-7-25', 'Psalm', 63, NULL, NULL);
INSERT INTO dailyblessings.curriculum_questions (isFillInTheBlank, question, curriculumId, date) VALUES (False, 'What was your favorite verse and why?', (SELECT COUNT(*) FROM dailyblessings.curriculum), '2025-7-25');
INSERT INTO dailyblessings.day (date, copticDate, feast) VALUES ('2025-7-26', 'Abib 19 1741', '');
INSERT INTO dailyblessings.curriculum_day (curriculumId, date, book, chapter, lowerVerse, upperVerse) VALUES ((SELECT COUNT(*) FROM dailyblessings.curriculum), '2025-7-26', 'Psalm', 64, NULL, NULL);
INSERT INTO dailyblessings.curriculum_questions (isFillInTheBlank, question, curriculumId, date) VALUES (False, 'Write your favorite verse and what it means to you.', (SELECT COUNT(*) FROM dailyblessings.curriculum), '2025-7-26');
INSERT INTO dailyblessings.day (date, copticDate, feast) VALUES ('2025-7-27', 'Abib 20 1741', 'The Martyrdom of St.Theordore of Shotep');
INSERT INTO dailyblessings.curriculum_day (curriculumId, date, book, chapter, lowerVerse, upperVerse) VALUES ((SELECT COUNT(*) FROM dailyblessings.curriculum), '2025-7-27', 'Daniel', 10, NULL, NULL);
INSERT INTO dailyblessings.curriculum_questions (isFillInTheBlank, question, curriculumId, date) VALUES (False, 'Which angel is mentioned in Daniel''s vision? They are reffered to as ''one of the chief princes''.', (SELECT COUNT(*) FROM dailyblessings.curriculum), '2025-7-27');
INSERT INTO dailyblessings.day (date, copticDate, feast) VALUES ('2025-7-28', 'Abib 21 1741', 'The Commemoration of the Lady, the Virgin St.Mary');
INSERT INTO dailyblessings.curriculum_day (curriculumId, date, book, chapter, lowerVerse, upperVerse) VALUES ((SELECT COUNT(*) FROM dailyblessings.curriculum), '2025-7-28', 'Psalm', 75, NULL, NULL);
INSERT INTO dailyblessings.curriculum_questions (isFillInTheBlank, question, curriculumId, date) VALUES (False, 'What was your favorite verse and why?', (SELECT COUNT(*) FROM dailyblessings.curriculum), '2025-7-28');
INSERT INTO dailyblessings.day (date, copticDate, feast) VALUES ('2025-7-29', 'Abib 22 1741', '');
INSERT INTO dailyblessings.curriculum_day (curriculumId, date, book, chapter, lowerVerse, upperVerse) VALUES ((SELECT COUNT(*) FROM dailyblessings.curriculum), '2025-7-29', 'Psalm', 76, NULL, NULL);
INSERT INTO dailyblessings.curriculum_questions (isFillInTheBlank, question, curriculumId, date) VALUES (False, 'What was your favorite verse and why?', (SELECT COUNT(*) FROM dailyblessings.curriculum), '2025-7-29');
INSERT INTO dailyblessings.day (date, copticDate, feast) VALUES ('2025-7-30', 'Abib 23 1741', 'The Martyrdom of St.Longinus the Soldier, St.Marina of Antioch');
INSERT INTO dailyblessings.curriculum_day (curriculumId, date, book, chapter, lowerVerse, upperVerse) VALUES ((SELECT COUNT(*) FROM dailyblessings.curriculum), '2025-7-30', 'Mark', 1, 1, 20);
INSERT INTO dailyblessings.curriculum_questions (isFillInTheBlank, question, curriculumId, date) VALUES (False, 'Who is the messenger who God sent in front of Jesus Christ to prepare His path?', (SELECT COUNT(*) FROM dailyblessings.curriculum), '2025-7-30');
INSERT INTO dailyblessings.curriculum_questions (isFillInTheBlank, question, curriculumId, date) VALUES (False, 'On the Epiphany day the Holy Trinity appeared. How did the Father appear? The son? The Holy Spirit?', (SELECT COUNT(*) FROM dailyblessings.curriculum), '2025-7-30');
INSERT INTO dailyblessings.day (date, copticDate, feast) VALUES ('2025-7-31', 'Abib 24 1741', '');
INSERT INTO dailyblessings.curriculum_day (curriculumId, date, book, chapter, lowerVerse, upperVerse) VALUES ((SELECT COUNT(*) FROM dailyblessings.curriculum), '2025-7-31', 'Mark', 1, 21, 45);
INSERT INTO dailyblessings.curriculum_questions (isFillInTheBlank, question, curriculumId, date) VALUES (False, 'Why did Lord Jesus Christ not let the demons speak?', (SELECT COUNT(*) FROM dailyblessings.curriculum), '2025-7-31');
INSERT INTO dailyblessings.curriculum_questions (isFillInTheBlank, question, curriculumId, date) VALUES (False, 'What happened when our Lord Jesus Christ breathed His last?', (SELECT COUNT(*) FROM dailyblessings.curriculum), '2025-7-31');
INSERT INTO dailyblessings.day (date, copticDate, feast) VALUES ('2025-8-1', 'Abib 25 1741', 'The Martyrdom of St.Isaac, St.Hilaria');
INSERT INTO dailyblessings.curriculum_day (curriculumId, date, book, chapter, lowerVerse, upperVerse) VALUES ((SELECT COUNT(*) FROM dailyblessings.curriculum), '2025-8-1', 'Mark', 2, 1, 12);
INSERT INTO dailyblessings.curriculum_questions (isFillInTheBlank, question, curriculumId, date) VALUES (False, 'What did the friends of the paralytic man do to reach Jesus Christ ?', (SELECT COUNT(*) FROM dailyblessings.curriculum), '2025-8-1');
INSERT INTO dailyblessings.curriculum_questions (isFillInTheBlank, question, curriculumId, date) VALUES (False, 'Why were the people angry from what our Lord said ?', (SELECT COUNT(*) FROM dailyblessings.curriculum), '2025-8-1');
INSERT INTO dailyblessings.day (date, copticDate, feast) VALUES ('2025-8-2', 'Abib 26 1741', 'The Departure of the Upright St.Joseph, the Carpenter');
INSERT INTO dailyblessings.curriculum_day (curriculumId, date, book, chapter, lowerVerse, upperVerse) VALUES ((SELECT COUNT(*) FROM dailyblessings.curriculum), '2025-8-2', 'Mark', 2, 13, 28);
INSERT INTO dailyblessings.curriculum_questions (isFillInTheBlank, question, curriculumId, date) VALUES (False, 'Write your favorite verse and what it means to you.', (SELECT COUNT(*) FROM dailyblessings.curriculum), '2025-8-2');
INSERT INTO dailyblessings.day (date, copticDate, feast) VALUES ('2025-8-3', 'Abib 27 1741', 'The Martyrdom of St.Apamon ');
INSERT INTO dailyblessings.curriculum_day (curriculumId, date, book, chapter, lowerVerse, upperVerse) VALUES ((SELECT COUNT(*) FROM dailyblessings.curriculum), '2025-8-3', 'Mark', 3, 1, 19);
INSERT INTO dailyblessings.curriculum_questions (isFillInTheBlank, question, curriculumId, date) VALUES (False, 'What were the Pharisee''s reaction to this miracle?', (SELECT COUNT(*) FROM dailyblessings.curriculum), '2025-8-3');
INSERT INTO dailyblessings.curriculum_questions (isFillInTheBlank, question, curriculumId, date) VALUES (True, '''For He _ many, so that as many as had afflictions pressed into Him about _''', (SELECT COUNT(*) FROM dailyblessings.curriculum), '2025-8-3');
INSERT INTO dailyblessings.day (date, copticDate, feast) VALUES ('2025-8-4', 'Abib 28 1741', 'The Departure of St.Mary Magdalene');
INSERT INTO dailyblessings.curriculum_day (curriculumId, date, book, chapter, lowerVerse, upperVerse) VALUES ((SELECT COUNT(*) FROM dailyblessings.curriculum), '2025-8-4', 'Mark', 3, 20, 35);
INSERT INTO dailyblessings.curriculum_questions (isFillInTheBlank, question, curriculumId, date) VALUES (True, '''If a kingdom is divided against itself, _''', (SELECT COUNT(*) FROM dailyblessings.curriculum), '2025-8-4');
INSERT INTO dailyblessings.curriculum_questions (isFillInTheBlank, question, curriculumId, date) VALUES (False, 'What is the only sin that will have no forgiveness?', (SELECT COUNT(*) FROM dailyblessings.curriculum), '2025-8-4');
INSERT INTO dailyblessings.day (date, copticDate, feast) VALUES ('2025-8-5', 'Abib 29 1741', '');
INSERT INTO dailyblessings.curriculum_day (curriculumId, date, book, chapter, lowerVerse, upperVerse) VALUES ((SELECT COUNT(*) FROM dailyblessings.curriculum), '2025-8-5', 'Mark', 4, 1, 20);
INSERT INTO dailyblessings.curriculum_questions (isFillInTheBlank, question, curriculumId, date) VALUES (False, 'What happened to the seed that fell on the wayside? The stony ground? Among thorns? On good ground?', (SELECT COUNT(*) FROM dailyblessings.curriculum), '2025-8-5');
INSERT INTO dailyblessings.curriculum_questions (isFillInTheBlank, question, curriculumId, date) VALUES (True, '''_ they may see and not perceive, and _ They may and not understand. Lest they should turn and their _''', (SELECT COUNT(*) FROM dailyblessings.curriculum), '2025-8-5');
INSERT INTO dailyblessings.day (date, copticDate, feast) VALUES ('2025-8-6', 'Abib 30 1741', 'The Martyrdom of Sts.Mercurius and Ephraem');
INSERT INTO dailyblessings.curriculum_day (curriculumId, date, book, chapter, lowerVerse, upperVerse) VALUES ((SELECT COUNT(*) FROM dailyblessings.curriculum), '2025-8-6', 'Mark', 4, 21, 41);
INSERT INTO dailyblessings.curriculum_questions (isFillInTheBlank, question, curriculumId, date) VALUES (False, 'Our Lord Jesus Christ said that the Kingdom of God is like?', (SELECT COUNT(*) FROM dailyblessings.curriculum), '2025-8-6');
INSERT INTO dailyblessings.curriculum_questions (isFillInTheBlank, question, curriculumId, date) VALUES (False, 'What did our Lord Jesus say to the disciples ?', (SELECT COUNT(*) FROM dailyblessings.curriculum), '2025-8-6');
INSERT INTO dailyblessings.day (date, copticDate, feast) VALUES ('2025-8-7', 'Mesra 1 1741', 'Start of St. Mary''s Fast');
INSERT INTO dailyblessings.curriculum_day (curriculumId, date, book, chapter, lowerVerse, upperVerse) VALUES ((SELECT COUNT(*) FROM dailyblessings.curriculum), '2025-8-7', 'Mark', 5, 1, 20);
INSERT INTO dailyblessings.curriculum_questions (isFillInTheBlank, question, curriculumId, date) VALUES (False, 'What happened to the herd of swine when the unclean spirits entered them ?', (SELECT COUNT(*) FROM dailyblessings.curriculum), '2025-8-7');
INSERT INTO dailyblessings.curriculum_questions (isFillInTheBlank, question, curriculumId, date) VALUES (False, 'What did our Lord Jesus say to the demon, possessed man when he begged Him to leave him?', (SELECT COUNT(*) FROM dailyblessings.curriculum), '2025-8-7');
INSERT INTO dailyblessings.day (date, copticDate, feast) VALUES ('2025-8-8', 'Mesra 2 1741', 'The Departure of St.Paesa (Athanasia)');
INSERT INTO dailyblessings.curriculum_day (curriculumId, date, book, chapter, lowerVerse, upperVerse) VALUES ((SELECT COUNT(*) FROM dailyblessings.curriculum), '2025-8-8', 'Mark', 5, 21, 43);
INSERT INTO dailyblessings.curriculum_questions (isFillInTheBlank, question, curriculumId, date) VALUES (False, 'The sick woman had a strong faith, because she said?', (SELECT COUNT(*) FROM dailyblessings.curriculum), '2025-8-8');
INSERT INTO dailyblessings.curriculum_questions (isFillInTheBlank, question, curriculumId, date) VALUES (False, 'Which disciples were taken to Jairus'' house?', (SELECT COUNT(*) FROM dailyblessings.curriculum), '2025-8-8');
INSERT INTO dailyblessings.day (date, copticDate, feast) VALUES ('2025-8-9', 'Mesra 3 1741', '');
INSERT INTO dailyblessings.curriculum_day (curriculumId, date, book, chapter, lowerVerse, upperVerse) VALUES ((SELECT COUNT(*) FROM dailyblessings.curriculum), '2025-8-9', 'Mark', 6, 1, 13);
INSERT INTO dailyblessings.curriculum_questions (isFillInTheBlank, question, curriculumId, date) VALUES (False, 'Write your favorite verse and what it means to you.', (SELECT COUNT(*) FROM dailyblessings.curriculum), '2025-8-9');
INSERT INTO dailyblessings.day (date, copticDate, feast) VALUES ('2025-8-10', 'Mesra 4 1741', 'The Departure of Hezekiah, the Righteous King');
INSERT INTO dailyblessings.curriculum_day (curriculumId, date, book, chapter, lowerVerse, upperVerse) VALUES ((SELECT COUNT(*) FROM dailyblessings.curriculum), '2025-8-10', 'Mark', 6, 14, 29);
INSERT INTO dailyblessings.curriculum_questions (isFillInTheBlank, question, curriculumId, date) VALUES (False, 'Why did King Heord arrest St.John the Baptist?', (SELECT COUNT(*) FROM dailyblessings.curriculum), '2025-8-10');
INSERT INTO dailyblessings.curriculum_questions (isFillInTheBlank, question, curriculumId, date) VALUES (False, 'What did Herodia''s daughter ask Herod for? Did he accept or refuse?', (SELECT COUNT(*) FROM dailyblessings.curriculum), '2025-8-10');
INSERT INTO dailyblessings.day (date, copticDate, feast) VALUES ('2025-8-11', 'Mesra 5 1741', 'The Martyrdom of St.John the Soldier');
INSERT INTO dailyblessings.curriculum_day (curriculumId, date, book, chapter, lowerVerse, upperVerse) VALUES ((SELECT COUNT(*) FROM dailyblessings.curriculum), '2025-8-11', 'Mark', 6, 30, 44);
INSERT INTO dailyblessings.curriculum_questions (isFillInTheBlank, question, curriculumId, date) VALUES (True, '''And Jesus when He came out, saw a _ and was moved with compassion for them because they were like _ Not having a _''', (SELECT COUNT(*) FROM dailyblessings.curriculum), '2025-8-11');
INSERT INTO dailyblessings.curriculum_questions (isFillInTheBlank, question, curriculumId, date) VALUES (False, 'How many baskets were left over?', (SELECT COUNT(*) FROM dailyblessings.curriculum), '2025-8-11');
INSERT INTO dailyblessings.day (date, copticDate, feast) VALUES ('2025-8-12', 'Mesra 6 1741', 'The Martyrdom of St.Julietta, The Departure of St.Jacob al-Baradai');
INSERT INTO dailyblessings.curriculum_day (curriculumId, date, book, chapter, lowerVerse, upperVerse) VALUES ((SELECT COUNT(*) FROM dailyblessings.curriculum), '2025-8-12', 'Mark', 6, 45, 56);
INSERT INTO dailyblessings.curriculum_questions (isFillInTheBlank, question, curriculumId, date) VALUES (False, 'How did Jesus appear to the disciples?', (SELECT COUNT(*) FROM dailyblessings.curriculum), '2025-8-12');
INSERT INTO dailyblessings.curriculum_questions (isFillInTheBlank, question, curriculumId, date) VALUES (False, 'What was the blind man''s name?', (SELECT COUNT(*) FROM dailyblessings.curriculum), '2025-8-12');
INSERT INTO dailyblessings.day (date, copticDate, feast) VALUES ('2025-8-13', 'Mesra 7 1741', '');
INSERT INTO dailyblessings.curriculum_day (curriculumId, date, book, chapter, lowerVerse, upperVerse) VALUES ((SELECT COUNT(*) FROM dailyblessings.curriculum), '2025-8-13', 'Mark', 7, 1, 23);
INSERT INTO dailyblessings.curriculum_questions (isFillInTheBlank, question, curriculumId, date) VALUES (True, '''These people honor me with their _, but their _ is far from me.''', (SELECT COUNT(*) FROM dailyblessings.curriculum), '2025-8-13');
INSERT INTO dailyblessings.curriculum_questions (isFillInTheBlank, question, curriculumId, date) VALUES (False, 'Write a verse about honoring your father and mother.', (SELECT COUNT(*) FROM dailyblessings.curriculum), '2025-8-13');
INSERT INTO dailyblessings.day (date, copticDate, feast) VALUES ('2025-8-14', 'Mesra 8 1741', '');
INSERT INTO dailyblessings.curriculum_day (curriculumId, date, book, chapter, lowerVerse, upperVerse) VALUES ((SELECT COUNT(*) FROM dailyblessings.curriculum), '2025-8-14', 'Mark', 7, 24, 37);
INSERT INTO dailyblessings.curriculum_questions (isFillInTheBlank, question, curriculumId, date) VALUES (False, 'Who was the woman who approached Jesus? What did she ask of Him?', (SELECT COUNT(*) FROM dailyblessings.curriculum), '2025-8-14');
INSERT INTO dailyblessings.curriculum_questions (isFillInTheBlank, question, curriculumId, date) VALUES (True, 'Our Lord Jesus Christ made the deaf _ and _ speak.', (SELECT COUNT(*) FROM dailyblessings.curriculum), '2025-8-14');
INSERT INTO dailyblessings.day (date, copticDate, feast) VALUES ('2025-8-15', 'Mesra 9 1741', '');
INSERT INTO dailyblessings.curriculum_day (curriculumId, date, book, chapter, lowerVerse, upperVerse) VALUES ((SELECT COUNT(*) FROM dailyblessings.curriculum), '2025-8-15', 'Mark', 8, 1, 21);
INSERT INTO dailyblessings.curriculum_questions (isFillInTheBlank, question, curriculumId, date) VALUES (False, 'What did the Pharisees asked our Lord Jesus Christ?', (SELECT COUNT(*) FROM dailyblessings.curriculum), '2025-8-15');
INSERT INTO dailyblessings.curriculum_questions (isFillInTheBlank, question, curriculumId, date) VALUES (False, 'When Jesus warned His disciples of the Pharisee''s and Herod, what did they think He was talking about?', (SELECT COUNT(*) FROM dailyblessings.curriculum), '2025-8-15');
INSERT INTO dailyblessings.day (date, copticDate, feast) VALUES ('2025-8-16', 'Mesra 10 1741', 'The Martyrdom of St.Pihebs, St.Matra');
INSERT INTO dailyblessings.curriculum_day (curriculumId, date, book, chapter, lowerVerse, upperVerse) VALUES ((SELECT COUNT(*) FROM dailyblessings.curriculum), '2025-8-16', 'Mark', 8, 22, 38);
INSERT INTO dailyblessings.curriculum_questions (isFillInTheBlank, question, curriculumId, date) VALUES (False, 'Write your favorite verse and what it means to you.', (SELECT COUNT(*) FROM dailyblessings.curriculum), '2025-8-16');
INSERT INTO dailyblessings.day (date, copticDate, feast) VALUES ('2025-8-17', 'Mesra 11 1741', 'The Departure of St.Moisis, Bishop of Ouseem');
INSERT INTO dailyblessings.curriculum_day (curriculumId, date, book, chapter, lowerVerse, upperVerse) VALUES ((SELECT COUNT(*) FROM dailyblessings.curriculum), '2025-8-17', 'Mark', 9, 1, 13);
INSERT INTO dailyblessings.curriculum_questions (isFillInTheBlank, question, curriculumId, date) VALUES (False, 'Who did Jesus take on the mountain with Him? What happened?', (SELECT COUNT(*) FROM dailyblessings.curriculum), '2025-8-17');
INSERT INTO dailyblessings.curriculum_questions (isFillInTheBlank, question, curriculumId, date) VALUES (False, 'Who will come before the second coming?', (SELECT COUNT(*) FROM dailyblessings.curriculum), '2025-8-17');
INSERT INTO dailyblessings.day (date, copticDate, feast) VALUES ('2025-8-18', 'Mesra 12 1741', 'The Commemoration of the Honorable Archangel Michael');
INSERT INTO dailyblessings.curriculum_day (curriculumId, date, book, chapter, lowerVerse, upperVerse) VALUES ((SELECT COUNT(*) FROM dailyblessings.curriculum), '2025-8-18', 'Mark', 9, 14, 32);
INSERT INTO dailyblessings.curriculum_questions (isFillInTheBlank, question, curriculumId, date) VALUES (False, 'What did Our Lord Jesus Christ see when He came down form the mountain?', (SELECT COUNT(*) FROM dailyblessings.curriculum), '2025-8-18');
INSERT INTO dailyblessings.curriculum_questions (isFillInTheBlank, question, curriculumId, date) VALUES (True, '''If you can believe , _ are possible to him who believes.''', (SELECT COUNT(*) FROM dailyblessings.curriculum), '2025-8-18');
INSERT INTO dailyblessings.day (date, copticDate, feast) VALUES ('2025-8-19', 'Mesra 13 1741', 'Transfiguration Feast');
INSERT INTO dailyblessings.curriculum_day (curriculumId, date, book, chapter, lowerVerse, upperVerse) VALUES ((SELECT COUNT(*) FROM dailyblessings.curriculum), '2025-8-19', 'Mark', 9, 33, 50);
INSERT INTO dailyblessings.curriculum_questions (isFillInTheBlank, question, curriculumId, date) VALUES (True, '''For whoever gives you a _ to drink in _ because you belong to Christ, assuredly, I say to you, he will by no means lose his _''', (SELECT COUNT(*) FROM dailyblessings.curriculum), '2025-8-19');
INSERT INTO dailyblessings.curriculum_questions (isFillInTheBlank, question, curriculumId, date) VALUES (True, '''Have salt in yourselves and have _''', (SELECT COUNT(*) FROM dailyblessings.curriculum), '2025-8-19');
INSERT INTO dailyblessings.day (date, copticDate, feast) VALUES ('2025-8-20', 'Mesra 14 1741', '');
INSERT INTO dailyblessings.curriculum_day (curriculumId, date, book, chapter, lowerVerse, upperVerse) VALUES ((SELECT COUNT(*) FROM dailyblessings.curriculum), '2025-8-20', 'Mark', 10, 1, 16);
INSERT INTO dailyblessings.curriculum_questions (isFillInTheBlank, question, curriculumId, date) VALUES (False, 'Why can a man not divorce his wife?', (SELECT COUNT(*) FROM dailyblessings.curriculum), '2025-8-20');
INSERT INTO dailyblessings.curriculum_questions (isFillInTheBlank, question, curriculumId, date) VALUES (False, 'What did Jesus say about children?', (SELECT COUNT(*) FROM dailyblessings.curriculum), '2025-8-20');
INSERT INTO dailyblessings.day (date, copticDate, feast) VALUES ('2025-8-21', 'Mesra 15 1741', '');
INSERT INTO dailyblessings.curriculum_day (curriculumId, date, book, chapter, lowerVerse, upperVerse) VALUES ((SELECT COUNT(*) FROM dailyblessings.curriculum), '2025-8-21', 'Mark', 10, 17, 31);
INSERT INTO dailyblessings.curriculum_questions (isFillInTheBlank, question, curriculumId, date) VALUES (False, 'Based on what Jesus said, how do we get to heaven? List three points.', (SELECT COUNT(*) FROM dailyblessings.curriculum), '2025-8-21');
INSERT INTO dailyblessings.curriculum_questions (isFillInTheBlank, question, curriculumId, date) VALUES (True, '''Children, how hard it is for those who _ to enter the kingdom of God!''', (SELECT COUNT(*) FROM dailyblessings.curriculum), '2025-8-21');
INSERT INTO dailyblessings.day (date, copticDate, feast) VALUES ('2025-8-22', 'Mesra 16 1741', 'Assumption of St. Mary''s Body');
INSERT INTO dailyblessings.curriculum_day (curriculumId, date, book, chapter, lowerVerse, upperVerse) VALUES ((SELECT COUNT(*) FROM dailyblessings.curriculum), '2025-8-22', 'Mark', 10, 32, 52);
INSERT INTO dailyblessings.curriculum_questions (isFillInTheBlank, question, curriculumId, date) VALUES (True, '''But whoever desires to become great among you shall be your _ and whoever of you desires to be _ shall be slave of all. For even the Son of Man did not come to be served, but to _ and to give His _ a ransom for many.''', (SELECT COUNT(*) FROM dailyblessings.curriculum), '2025-8-22');
INSERT INTO dailyblessings.day (date, copticDate, feast) VALUES ('2025-8-23', 'Mesra 17 1741', 'The Martyrdom of St.James the Soldier');
INSERT INTO dailyblessings.curriculum_day (curriculumId, date, book, chapter, lowerVerse, upperVerse) VALUES ((SELECT COUNT(*) FROM dailyblessings.curriculum), '2025-8-23', 'Mark', 11, 1, 14);
INSERT INTO dailyblessings.curriculum_questions (isFillInTheBlank, question, curriculumId, date) VALUES (False, 'Write your favorite verse and what it means to you.', (SELECT COUNT(*) FROM dailyblessings.curriculum), '2025-8-23');
INSERT INTO dailyblessings.day (date, copticDate, feast) VALUES ('2025-8-24', 'Mesra 18 1741', 'The Departure of St.Alexander, Patriarch of Constantinople');
INSERT INTO dailyblessings.curriculum_day (curriculumId, date, book, chapter, lowerVerse, upperVerse) VALUES ((SELECT COUNT(*) FROM dailyblessings.curriculum), '2025-8-24', 'Mark', 11, 15, 33);
INSERT INTO dailyblessings.curriculum_questions (isFillInTheBlank, question, curriculumId, date) VALUES (False, 'Why was Jesus angry? Write the verse below.', (SELECT COUNT(*) FROM dailyblessings.curriculum), '2025-8-24');
INSERT INTO dailyblessings.curriculum_questions (isFillInTheBlank, question, curriculumId, date) VALUES (True, '''And whenever you stand praying, if you have anything _ anyone, _ him, that your Father in heaven may also forgive you your _''', (SELECT COUNT(*) FROM dailyblessings.curriculum), '2025-8-24');
INSERT INTO dailyblessings.day (date, copticDate, feast) VALUES ('2025-8-25', 'Mesra 19 1741', '');
INSERT INTO dailyblessings.curriculum_day (curriculumId, date, book, chapter, lowerVerse, upperVerse) VALUES ((SELECT COUNT(*) FROM dailyblessings.curriculum), '2025-8-25', 'Mark', 12, 1, 17);
INSERT INTO dailyblessings.curriculum_questions (isFillInTheBlank, question, curriculumId, date) VALUES (True, 'The stone which the builders rejected, has become the _', (SELECT COUNT(*) FROM dailyblessings.curriculum), '2025-8-25');
INSERT INTO dailyblessings.curriculum_questions (isFillInTheBlank, question, curriculumId, date) VALUES (True, '''Render to _ the things that are Caesars, and to God the things that are _''', (SELECT COUNT(*) FROM dailyblessings.curriculum), '2025-8-25');
INSERT INTO dailyblessings.day (date, copticDate, feast) VALUES ('2025-8-26', 'Mesra 20 1741', 'The Martyrdom of the Seven Young Men of Ephesus');
INSERT INTO dailyblessings.curriculum_day (curriculumId, date, book, chapter, lowerVerse, upperVerse) VALUES ((SELECT COUNT(*) FROM dailyblessings.curriculum), '2025-8-26', 'Mark', 12, 18, 34);
INSERT INTO dailyblessings.curriculum_questions (isFillInTheBlank, question, curriculumId, date) VALUES (True, '''When we rise from the death we will be like _ in heaven.''', (SELECT COUNT(*) FROM dailyblessings.curriculum), '2025-8-26');
INSERT INTO dailyblessings.curriculum_questions (isFillInTheBlank, question, curriculumId, date) VALUES (True, '''He is not the God of the _, but the God of the _''', (SELECT COUNT(*) FROM dailyblessings.curriculum), '2025-8-26');
INSERT INTO dailyblessings.day (date, copticDate, feast) VALUES ('2025-8-27', 'Mesra 21 1741', 'The Commemoration of the Virgin St.Mary, the Mother of God, The Departure of St.Irene');
INSERT INTO dailyblessings.curriculum_day (curriculumId, date, book, chapter, lowerVerse, upperVerse) VALUES ((SELECT COUNT(*) FROM dailyblessings.curriculum), '2025-8-27', 'Mark', 12, 35, 44);
INSERT INTO dailyblessings.curriculum_questions (isFillInTheBlank, question, curriculumId, date) VALUES (True, 'The Lord said to my _, ''Sit at My right hand, Till I make Your _ Your footstool.''''', (SELECT COUNT(*) FROM dailyblessings.curriculum), '2025-8-27');
INSERT INTO dailyblessings.curriculum_questions (isFillInTheBlank, question, curriculumId, date) VALUES (False, 'Who said this prophesy?', (SELECT COUNT(*) FROM dailyblessings.curriculum), '2025-8-27');
INSERT INTO dailyblessings.day (date, copticDate, feast) VALUES ('2025-8-28', 'Mesra 22 1741', 'The Departure of Micah, the Prophet, St.Augustine');
INSERT INTO dailyblessings.curriculum_day (curriculumId, date, book, chapter, lowerVerse, upperVerse) VALUES ((SELECT COUNT(*) FROM dailyblessings.curriculum), '2025-8-28', 'Mark', 13, 1, 22);
INSERT INTO dailyblessings.curriculum_questions (isFillInTheBlank, question, curriculumId, date) VALUES (False, 'What the prophecy that our Lord Jesus Christ said about the temple ?', (SELECT COUNT(*) FROM dailyblessings.curriculum), '2025-8-28');
INSERT INTO dailyblessings.curriculum_questions (isFillInTheBlank, question, curriculumId, date) VALUES (True, '''But when they arrest you and deliver you up, _ beforehand, or premeditate what you will speak. But whatever is given you in that hour, speak that; for it is not you who _, but the _''', (SELECT COUNT(*) FROM dailyblessings.curriculum), '2025-8-28');
INSERT INTO dailyblessings.day (date, copticDate, feast) VALUES ('2025-8-29', 'Mesra 23 1741', '');
INSERT INTO dailyblessings.curriculum_day (curriculumId, date, book, chapter, lowerVerse, upperVerse) VALUES ((SELECT COUNT(*) FROM dailyblessings.curriculum), '2025-8-29', 'Mark', 13, 23, 37);
INSERT INTO dailyblessings.curriculum_questions (isFillInTheBlank, question, curriculumId, date) VALUES (True, '''Heaven and earth will pass away, but My _ will by no means _''', (SELECT COUNT(*) FROM dailyblessings.curriculum), '2025-8-29');
INSERT INTO dailyblessings.curriculum_questions (isFillInTheBlank, question, curriculumId, date) VALUES (False, 'Who is the only one who knows the hour and day?', (SELECT COUNT(*) FROM dailyblessings.curriculum), '2025-8-29');
INSERT INTO dailyblessings.day (date, copticDate, feast) VALUES ('2025-8-30', 'Mesra 24 1741', '');
INSERT INTO dailyblessings.curriculum_day (curriculumId, date, book, chapter, lowerVerse, upperVerse) VALUES ((SELECT COUNT(*) FROM dailyblessings.curriculum), '2025-8-30', 'Mark', 14, 1, 16);
INSERT INTO dailyblessings.curriculum_questions (isFillInTheBlank, question, curriculumId, date) VALUES (False, 'Write your favorite verse and what it means to you.', (SELECT COUNT(*) FROM dailyblessings.curriculum), '2025-8-30');
INSERT INTO dailyblessings.day (date, copticDate, feast) VALUES ('2025-8-31', 'Mesra 25 1741', 'The Departure of St.Bessarion, the Great');
INSERT INTO dailyblessings.curriculum_day (curriculumId, date, book, chapter, lowerVerse, upperVerse) VALUES ((SELECT COUNT(*) FROM dailyblessings.curriculum), '2025-8-31', 'Mark', 14, 17, 31);
INSERT INTO dailyblessings.curriculum_questions (isFillInTheBlank, question, curriculumId, date) VALUES (False, 'What did Jesus tell His disciples during Passover Feast?', (SELECT COUNT(*) FROM dailyblessings.curriculum), '2025-8-31');
INSERT INTO dailyblessings.curriculum_questions (isFillInTheBlank, question, curriculumId, date) VALUES (False, 'What did Jesus say will happen after the ressurection?', (SELECT COUNT(*) FROM dailyblessings.curriculum), '2025-8-31');
INSERT INTO dailyblessings.day (date, copticDate, feast) VALUES ('2025-9-1', 'Mesra 26 1741', 'The Martyrdom of St.Moses and his Sister Sarah');
INSERT INTO dailyblessings.curriculum_day (curriculumId, date, book, chapter, lowerVerse, upperVerse) VALUES ((SELECT COUNT(*) FROM dailyblessings.curriculum), '2025-9-1', 'Mark', 14, 32, 52);
INSERT INTO dailyblessings.curriculum_questions (isFillInTheBlank, question, curriculumId, date) VALUES (False, 'Where did they go after the last supper?', (SELECT COUNT(*) FROM dailyblessings.curriculum), '2025-9-1');
INSERT INTO dailyblessings.curriculum_questions (isFillInTheBlank, question, curriculumId, date) VALUES (False, 'What sign did Judas give to arrest Jesus?', (SELECT COUNT(*) FROM dailyblessings.curriculum), '2025-9-1');
INSERT INTO dailyblessings.day (date, copticDate, feast) VALUES ('2025-9-2', 'Mesra 27 1741', 'The Martyrdom of Sts.Benjamin and his Sister Eudoxia, St.Mary the Armenian');
INSERT INTO dailyblessings.curriculum_day (curriculumId, date, book, chapter, lowerVerse, upperVerse) VALUES ((SELECT COUNT(*) FROM dailyblessings.curriculum), '2025-9-2', 'Mark', 14, 53, 72);
INSERT INTO dailyblessings.curriculum_questions (isFillInTheBlank, question, curriculumId, date) VALUES (False, 'When Jesus said ''I am'' what did the high priest do?', (SELECT COUNT(*) FROM dailyblessings.curriculum), '2025-9-2');
INSERT INTO dailyblessings.curriculum_questions (isFillInTheBlank, question, curriculumId, date) VALUES (False, 'What did St.Peter do when he realized he had denied Jesus?', (SELECT COUNT(*) FROM dailyblessings.curriculum), '2025-9-2');
INSERT INTO dailyblessings.day (date, copticDate, feast) VALUES ('2025-9-3', 'Mesra 28 1741', 'The Commemoration of the Patriarchs: Abraham, Issac, and Jacob');
INSERT INTO dailyblessings.curriculum_day (curriculumId, date, book, chapter, lowerVerse, upperVerse) VALUES ((SELECT COUNT(*) FROM dailyblessings.curriculum), '2025-9-3', 'Mark', 15, 1, 20);
INSERT INTO dailyblessings.curriculum_questions (isFillInTheBlank, question, curriculumId, date) VALUES (False, 'What did Pilate ask our Lord Jesus Christ?', (SELECT COUNT(*) FROM dailyblessings.curriculum), '2025-9-3');
INSERT INTO dailyblessings.curriculum_questions (isFillInTheBlank, question, curriculumId, date) VALUES (False, 'What was Pilate''s tradition on the feast? Who did he release?', (SELECT COUNT(*) FROM dailyblessings.curriculum), '2025-9-3');
INSERT INTO dailyblessings.day (date, copticDate, feast) VALUES ('2025-9-4', 'Mesra 29 1741', 'The Martyrdom of Sts. Athanasius, the Bishop and his servants');
INSERT INTO dailyblessings.curriculum_day (curriculumId, date, book, chapter, lowerVerse, upperVerse) VALUES ((SELECT COUNT(*) FROM dailyblessings.curriculum), '2025-9-4', 'Mark', 15, 21, 47);
INSERT INTO dailyblessings.curriculum_questions (isFillInTheBlank, question, curriculumId, date) VALUES (False, 'What is the name of the man who helped carry the cross with Jesus?', (SELECT COUNT(*) FROM dailyblessings.curriculum), '2025-9-4');
INSERT INTO dailyblessings.curriculum_questions (isFillInTheBlank, question, curriculumId, date) VALUES (False, 'What happened when Jesus Christ breathed His last?', (SELECT COUNT(*) FROM dailyblessings.curriculum), '2025-9-4');
INSERT INTO dailyblessings.day (date, copticDate, feast) VALUES ('2025-9-5', 'Mesra 30 1741', 'The Departure of Malachi, the Prophet');
INSERT INTO dailyblessings.curriculum_day (curriculumId, date, book, chapter, lowerVerse, upperVerse) VALUES ((SELECT COUNT(*) FROM dailyblessings.curriculum), '2025-9-5', 'Mark', 16, NULL, NULL);
INSERT INTO dailyblessings.curriculum_questions (isFillInTheBlank, question, curriculumId, date) VALUES (False, 'Who went to the tomb early in the morning?', (SELECT COUNT(*) FROM dailyblessings.curriculum), '2025-9-5');
INSERT INTO dailyblessings.curriculum_questions (isFillInTheBlank, question, curriculumId, date) VALUES (True, '''Go into all the world and preach the _ to every creature. He who believes and is _ will be _ ; but he who does not believe will be _''', (SELECT COUNT(*) FROM dailyblessings.curriculum), '2025-9-5');
